SN,TIMESTAMP,PACKAGE_SIZE,MAX_VALUE,MIN_VALUE,MAT_0,MAT_1,MAT_2,MAT_3,MAT_4,MAT_5,MAT_6,MAT_7,MAT_8,MAT_9,MAT_10,MAT_11,MAT_12,MAT_13,MAT_14,MAT_15,MAT_16,MAT_17,MAT_18,MAT_19,MAT_20,MAT_21,MAT_22,MAT_23,MAT_24,MAT_25,MAT_26,MAT_27,MAT_28,MAT_29,MAT_30,MAT_31,MAT_32,MAT_33,MAT_34,MAT_35,MAT_36,MAT_37,MAT_38,MAT_39,MAT_40,MAT_41,MAT_42,MAT_43,MAT_44,MAT_45,MAT_46,MAT_47,MAT_48,MAT_49,MAT_50,MAT_51,MAT_52,MAT_53,MAT_54,MAT_55,MAT_56,MAT_57,MAT_58,MAT_59,MAT_60,MAT_61,MAT_62,MAT_63,MAT_64,MAT_65,MAT_66,MAT_67,MAT_68,MAT_69,MAT_70,MAT_71,MAT_72,MAT_73,MAT_74,MAT_75,MAT_76,MAT_77,MAT_78,MAT_79,MAT_80,MAT_81,MAT_82,MAT_83,MAT_84,MAT_85,MAT_86,MAT_87,MAT_88,MAT_89,MAT_90,MAT_91,MAT_92,MAT_93,MAT_94,MAT_95
0,2025-11-08 19:54:39.038,96,11,0,0,0,1,1,1,1,0,0,1,7,6,11,9,7,10,0,1,11,8,10,6,1,1,0,1,5,3,1,1,4,1,0,1,6,4,3,1,1,1,0,0,1,1,3,1,1,2,0,0,1,6,3,1,1,1,0,0,0,1,6,2,1,1,0,0,1,4,9,6,2,1,0,0,6,4,9,3,1,1,0,0,1,6,3,6,0,1,0,0,0,0,0,0,0,0,0
1,2025-11-08 19:54:39.048,96,11,0,0,0,1,1,1,1,0,0,1,7,6,11,10,7,10,0,1,11,8,10,6,1,1,0,1,5,3,1,1,5,1,0,1,6,4,3,1,1,1,0,0,1,1,3,1,1,2,0,0,1,6,3,1,1,1,0,0,1,1,7,2,1,1,0,0,1,4,9,6,2,1,0,0,6,4,9,3,1,1,0,0,1,6,3,6,0,1,0,0,0,0,0,0,0,0,0
2,2025-11-08 19:54:39.059,96,11,0,0,0,1,1,1,1,0,0,1,7,6,11,10,7,11,0,1,11,9,10,6,1,1,0,1,5,3,1,1,5,1,0,1,6,4,3,1,1,1,0,0,1,1,4,1,1,2,0,0,1,6,3,1,2,1,0,0,1,2,7,2,1,1,0,0,1,4,9,6,2,1,0,0,7,4,9,3,1,1,0,0,2,6,3,6,0,1,0,0,0,0,0,0,0,0,0
3,2025-11-08 19:54:39.070,96,11,0,0,0,1,1,1,1,0,0,1,7,6,11,10,7,11,0,1,11,9,10,6,1,1,0,1,5,3,1,1,5,1,0,1,6,4,3,1,1,1,0,0,1,1,4,1,1,2,0,0,1,7,3,1,2,1,0,0,1,2,8,2,1,1,0,0,1,4,9,6,2,1,0,0,7,4,9,3,1,1,0,0,2,6,3,6,1,1,0,0,0,0,0,0,0,0,0
4,2025-11-08 19:54:39.080,96,12,0,0,0,1,1,1,1,0,0,1,7,6,12,11,8,11,0,1,11,9,10,6,1,1,0,1,5,4,1,1,5,1,0,1,6,4,3,1,2,1,0,0,1,1,4,1,1,2,0,0,1,7,3,1,2,1,0,0,1,2,8,2,1,1,0,0,1,4,9,6,3,1,0,0,7,4,9,3,1,1,0,0,2,7,3,7,1,1,0,0,0,0,0,0,0,0,0
5,2025-11-08 19:54:39.091,96,12,0,0,0,1,1,2,1,0,0,1,7,6,12,11,8,11,0,1,11,9,10,6,1,1,0,1,5,4,1,1,5,1,0,1,6,4,3,1,2,1,0,0,1,1,4,1,1,2,0,0,1,8,4,1,2,1,0,0,1,3,8,3,1,1,0,0,1,4,9,6,3,1,0,0,7,5,9,3,1,1,0,0,3,7,3,7,1,1,0,0,0,0,0,0,0,0,0
6,2025-11-08 19:54:39.100,96,12,0,0,0,1,1,2,1,0,0,1,7,6,12,11,8,11,0,1,11,10,10,6,1,1,0,1,5,4,1,1,5,1,0,1,6,4,3,1,2,1,0,1,1,1,4,1,1,2,0,1,1,8,4,1,2,1,0,0,1,3,8,3,1,1,0,0,1,4,9,6,3,1,0,0,7,5,9,3,1,1,0,0,3,7,3,7,1,1,0,0,0,0,0,0,0,0,0
7,2025-11-08 19:54:39.111,96,12,0,0,0,1,1,2,1,0,0,1,8,6,12,11,8,12,0,1,11,10,10,6,1,1,0,1,5,4,1,2,5,1,0,1,6,4,3,1,2,1,0,1,1,1,4,1,1,2,0,1,2,10,4,1,3,2,0,0,1,3,9,4,2,1,0,0,1,4,9,6,4,1,0,0,7,5,9,3,1,1,0,0,3,8,3,8,1,1,0,0,0,0,0,0,0,0,0
8,2025-11-08 19:54:39.121,96,13,0,0,0,1,1,2,1,0,0,1,8,6,12,11,8,13,0,1,11,10,10,6,2,1,0,1,5,4,1,2,5,2,0,1,6,4,3,1,2,1,0,1,1,1,5,2,1,3,0,1,2,10,4,1,4,2,0,1,1,4,9,4,2,1,0,0,1,4,10,6,4,1,0,0,7,5,10,3,1,1,0,0,3,8,3,8,1,1,0,0,0,0,0,0,0,0,0
9,2025-11-08 19:54:39.133,96,13,0,0,0,1,1,3,1,0,0,1,9,6,12,11,8,13,0,1,12,10,10,6,2,1,0,1,5,4,1,2,6,2,0,2,6,4,3,1,2,1,0,1,1,1,5,2,1,4,0,1,3,11,5,1,5,3,0,1,1,4,10,5,3,1,0,1,1,4,10,6,4,1,0,0,7,5,10,3,1,1,0,0,4,8,3,8,1,1,0,0,0,0,0,0,0,0,0
10,2025-11-08 19:54:39.142,96,14,0,0,0,1,1,3,1,0,0,1,9,6,12,12,8,14,0,1,12,11,10,6,2,1,0,1,5,4,1,2,6,2,0,3,6,4,3,1,3,1,0,1,2,1,5,2,1,4,0,1,3,11,5,1,5,3,0,1,1,4,10,5,3,2,0,1,1,4,10,6,4,1,0,0,7,5,10,3,1,1,0,0,4,8,3,8,1,1,0,0,0,0,0,0,0,0,0
11,2025-11-08 19:54:39.154,96,14,0,0,0,1,2,4,1,0,0,1,10,6,12,12,8,14,0,1,12,11,10,6,3,1,0,1,5,4,1,2,7,3,0,3,6,4,4,1,4,3,0,2,3,1,6,2,1,5,0,2,3,11,6,1,6,3,0,1,1,4,10,6,3,2,0,1,1,4,10,6,4,1,0,0,7,5,10,3,1,2,0,0,4,8,3,8,1,1,0,0,0,0,0,0,0,0,0
12,2025-11-08 19:54:39.176,96,14,0,0,0,1,2,4,1,0,0,1,10,6,13,13,8,14,0,1,12,11,10,6,3,1,0,1,6,4,1,3,7,3,0,4,6,4,4,1,4,4,0,3,3,1,6,2,2,5,0,3,3,11,6,1,6,3,0,1,1,4,10,6,3,2,0,1,2,4,10,6,4,1,0,0,7,5,10,3,1,2,0,0,4,8,3,8,1,1,0,0,0,0,0,0,0,0,0
13,2025-11-08 19:54:39.183,96,14,0,0,0,1,2,5,1,0,0,1,10,6,13,13,8,14,0,1,12,11,10,6,3,1,0,1,6,4,1,3,8,3,0,5,6,4,4,1,5,5,0,4,4,1,7,3,2,5,0,5,3,11,6,1,6,4,0,3,1,4,10,6,3,3,0,2,3,4,10,6,5,1,0,0,7,5,10,3,2,2,0,0,4,8,3,8,1,1,0,0,0,0,0,0,0,0,0
14,2025-11-08 19:54:39.196,96,14,0,0,0,1,2,5,1,0,0,1,10,6,13,13,8,14,0,1,12,11,10,7,3,1,0,2,6,4,1,3,9,3,0,6,6,4,5,1,5,6,0,5,4,1,7,3,3,6,0,6,3,11,6,1,7,4,0,5,1,4,10,7,4,3,0,3,4,4,10,6,5,1,0,1,7,5,10,3,2,2,0,0,4,8,3,8,1,1,0,0,0,0,0,0,0,0,0
15,2025-11-08 19:54:39.208,96,15,0,0,0,1,3,6,1,0,0,1,10,6,13,13,8,15,0,1,12,11,10,7,3,1,0,2,6,4,2,3,9,4,0,6,6,4,5,1,5,8,0,7,4,1,8,4,3,6,0,11,4,11,7,1,7,5,0,10,2,4,10,7,4,4,0,7,5,4,10,6,5,1,0,1,7,5,10,3,2,2,0,0,4,8,3,8,1,1,0,0,0,0,0,0,0,0,0
16,2025-11-08 19:54:39.216,96,16,0,0,0,1,3,6,1,0,0,1,10,6,13,13,8,16,0,1,12,11,10,7,3,1,0,2,6,4,2,3,9,4,0,6,6,4,6,1,6,9,0,8,4,1,8,4,3,7,0,14,5,11,7,2,8,5,0,13,3,4,10,7,4,4,0,8,5,4,10,6,6,1,0,1,7,5,10,3,2,2,0,0,4,8,3,8,1,1,0,0,0,0,0,0,0,0,0
17,2025-11-08 19:54:39.228,96,20,0,0,1,1,4,7,1,0,0,1,10,6,13,13,8,17,0,1,12,11,10,8,4,2,0,2,6,4,2,4,9,4,0,8,6,4,7,1,6,11,0,10,5,1,8,5,3,8,0,20,8,11,7,2,8,6,0,19,5,5,10,7,5,4,0,11,6,4,10,6,6,1,0,1,7,5,10,3,2,2,0,0,4,8,3,8,1,1,0,0,0,0,0,0,0,0,0
18,2025-11-08 19:54:39.238,96,23,0,0,1,1,4,7,1,0,0,1,10,6,13,13,8,17,0,1,12,11,10,8,4,2,0,3,6,4,2,4,10,4,0,9,6,5,8,1,7,12,0,12,6,1,8,6,4,9,0,23,10,11,7,3,8,6,0,21,7,5,10,7,5,4,0,12,7,4,10,6,6,1,0,1,7,5,10,3,2,2,0,0,4,8,3,8,1,1,0,0,0,0,0,0,0,0,0
19,2025-11-08 19:54:39.250,96,29,0,0,1,1,5,8,1,1,0,2,10,6,13,13,9,19,0,1,12,11,11,8,4,4,0,4,6,4,3,6,10,4,0,11,6,6,8,2,7,13,0,16,8,1,9,7,4,9,0,29,14,11,7,3,9,7,0,27,11,6,10,7,5,4,0,14,10,5,10,6,6,1,0,1,7,5,10,3,2,2,0,0,4,8,3,8,1,1,0,0,0,0,0,0,0,0,0
20,2025-11-08 19:54:39.261,96,32,0,0,1,1,5,8,1,1,0,3,11,6,13,13,9,19,0,1,12,11,11,8,4,4,0,4,6,4,3,6,10,4,0,11,6,6,9,2,7,14,0,18,9,1,9,7,5,9,0,32,17,12,7,3,9,8,0,30,13,6,10,7,5,4,0,15,12,6,10,6,6,1,0,1,7,5,10,3,2,3,0,0,4,8,3,8,1,1,0,0,0,0,0,0,0,0,0
21,2025-11-08 19:54:39.272,96,38,0,0,1,1,5,8,1,1,0,3,11,6,13,14,10,20,0,2,13,11,12,9,5,6,0,6,6,4,4,7,10,5,0,13,7,7,9,3,7,15,0,24,14,1,9,8,5,10,0,38,24,14,7,4,10,9,0,36,20,8,10,7,5,5,0,17,14,7,10,6,6,1,0,1,7,5,10,3,2,4,0,0,4,8,3,9,0,1,0,0,0,0,0,0,0,0,0
22,2025-11-08 19:54:39.282,96,41,0,0,1,1,5,8,2,1,0,3,11,6,13,14,10,20,0,2,13,11,12,9,5,6,0,7,6,4,4,7,11,5,0,15,7,7,9,3,8,16,0,27,18,2,9,8,6,11,0,41,28,16,7,4,10,10,0,38,24,9,10,7,5,5,0,18,15,8,10,6,6,1,0,1,7,5,10,3,2,4,0,0,4,8,3,9,0,1,0,0,0,0,0,0,0,0,0
23,2025-11-08 19:54:39.294,96,46,0,0,1,1,5,8,2,1,0,4,12,6,13,14,10,20,0,3,13,12,12,10,6,7,0,8,6,4,4,7,12,7,0,20,9,8,9,3,8,17,0,35,27,5,9,8,7,12,0,46,38,21,7,4,10,11,0,40,31,11,10,7,5,6,0,17,16,8,9,6,6,1,0,0,7,5,10,3,1,4,0,0,4,8,3,9,0,1,0,0,0,0,0,0,0,0,0
24,2025-11-08 19:54:39.303,96,48,0,0,1,1,5,8,2,1,0,4,13,6,13,14,10,21,0,3,13,12,12,10,6,8,0,9,6,5,4,8,12,7,0,23,11,9,9,3,9,17,0,39,32,8,9,8,8,13,0,48,43,24,7,4,10,12,0,40,34,12,10,7,5,6,0,15,16,8,8,6,6,1,0,0,6,5,10,3,1,4,0,0,4,8,3,9,0,1,0,0,0,0,0,0,0,0,0
25,2025-11-08 19:54:39.314,96,53,0,0,1,1,5,8,3,1,0,5,15,6,13,14,10,21,0,4,14,13,13,11,7,10,0,12,7,6,5,8,13,8,0,29,16,11,9,4,10,18,0,45,43,15,10,8,9,14,0,52,53,30,7,4,10,14,0,40,37,14,9,5,5,7,0,9,12,8,8,6,6,1,0,0,5,5,9,3,1,4,0,0,4,8,3,9,0,1,0,0,0,0,0,0,0,0,0
26,2025-11-08 19:54:39.324,96,57,0,0,1,1,5,8,3,1,0,5,15,6,13,14,11,22,0,5,15,13,13,11,7,10,0,14,8,6,5,9,14,9,0,32,20,12,9,5,10,18,0,48,49,19,10,8,9,14,0,53,57,33,7,4,10,14,0,38,37,15,9,4,5,7,0,7,10,8,8,6,6,1,0,0,5,5,9,3,1,4,0,0,4,8,3,9,0,1,0,0,0,0,0,0,0,0,0
27,2025-11-08 19:54:39.346,96,63,0,0,1,1,6,9,3,1,0,6,17,6,13,14,12,24,0,7,16,14,14,12,8,11,0,18,11,8,5,9,15,10,0,38,28,15,9,5,12,19,0,53,59,27,11,8,10,15,0,55,63,37,7,4,10,16,0,31,36,15,9,4,5,7,0,0,7,7,7,6,6,1,0,0,5,5,9,3,1,4,0,0,4,8,3,9,0,1,0,0,0,0,0,0,0,0,0
28,2025-11-08 19:54:39.356,96,65,0,0,1,1,6,9,4,1,0,7,17,6,13,14,12,25,0,8,17,15,14,12,8,11,0,20,13,9,5,9,15,10,0,41,33,18,10,6,12,20,0,55,63,31,11,8,10,16,0,55,65,39,7,3,10,16,0,27,34,15,9,4,5,7,0,0,5,7,7,6,6,0,0,0,5,5,9,3,1,4,0,0,4,8,3,9,0,1,0,0,0,0,0,0,0,0,0
29,2025-11-08 19:54:39.367,96,71,0,0,1,1,6,10,4,1,0,8,18,6,13,15,13,26,0,10,18,16,15,13,8,11,0,26,19,11,6,10,16,12,0,45,43,25,12,6,13,21,0,58,71,38,13,8,11,16,0,55,66,41,8,3,8,17,0,19,29,14,8,3,5,7,0,0,0,7,7,6,6,0,0,0,5,5,8,3,0,4,0,0,4,8,3,9,0,1,0,0,0,0,0,0,0,0,0
30,2025-11-08 19:54:39.377,96,74,0,1,1,1,7,10,4,2,0,8,19,6,14,15,13,26,0,12,20,17,15,13,8,11,0,32,27,15,7,11,17,14,0,49,51,30,13,6,14,22,0,59,74,41,13,8,11,17,0,54,66,41,8,3,7,17,0,16,26,13,7,3,5,7,0,0,0,7,7,6,5,0,0,0,5,5,8,3,0,4,0,0,4,8,3,9,0,1,0,0,0,0,0,0,0,0,0
31,2025-11-08 19:54:39.389,96,79,0,1,1,2,7,10,4,2,0,9,20,6,14,16,13,26,0,13,21,18,16,13,9,11,0,34,31,18,8,11,17,15,0,51,55,40,17,7,15,24,0,61,79,47,15,8,11,17,0,50,65,41,8,1,6,17,0,10,20,11,6,3,5,7,0,0,0,7,7,6,4,0,0,0,5,5,8,3,0,4,0,0,4,8,3,9,0,1,0,0,0,0,0,0,0,0,0
32,2025-11-08 19:54:39.399,96,82,0,1,1,2,8,10,4,2,0,9,21,6,15,16,14,27,0,17,25,20,17,13,9,12,0,39,39,25,11,13,18,17,0,53,63,50,22,8,15,25,0,61,82,53,17,8,11,18,0,44,61,41,8,1,5,17,0,6,13,8,5,3,4,7,0,0,0,6,7,6,3,0,0,0,5,5,8,3,0,4,0,0,4,8,3,9,0,1,0,0,0,0,0,0,0,0,0
33,2025-11-08 19:54:39.409,96,83,0,1,1,2,9,10,5,2,0,10,22,6,15,16,15,27,0,19,27,21,18,13,9,12,0,41,43,29,13,14,19,17,0,54,66,55,25,8,15,26,0,61,83,56,18,8,11,18,0,41,58,41,8,1,4,17,0,1,10,6,5,3,4,7,0,0,0,6,7,6,3,0,0,0,5,5,8,3,0,4,0,0,4,8,3,9,0,1,0,0,0,0,0,0,0,0,0
34,2025-11-08 19:54:39.420,96,84,0,1,1,3,10,10,5,2,0,10,24,7,16,17,15,27,0,23,33,25,20,14,9,13,0,45,51,37,19,16,20,19,0,56,71,63,31,9,15,28,0,61,84,59,20,8,9,19,0,33,50,39,8,1,3,17,0,0,0,1,4,1,4,7,0,0,0,6,7,6,3,0,0,0,5,5,8,3,0,4,0,0,5,8,3,9,0,1,0,0,0,0,0,0,0,0,0
35,2025-11-08 19:54:39.430,96,84,0,1,1,3,10,10,5,2,0,11,25,7,17,18,16,28,0,25,36,27,22,15,9,14,0,47,55,42,22,17,20,20,0,57,73,66,34,9,15,29,0,60,84,60,21,8,8,19,0,29,46,37,8,1,1,17,0,0,0,0,4,1,4,7,0,0,0,6,7,6,3,0,0,0,5,5,8,3,0,4,0,0,5,8,3,9,0,1,0,0,0,0,0,0,0,0,0
36,2025-11-08 19:54:39.441,96,84,0,1,2,4,11,10,5,3,0,13,27,9,18,18,16,28,0,29,42,33,26,17,10,14,0,49,61,51,28,19,22,22,0,59,76,72,40,10,15,31,0,58,84,61,23,8,7,19,0,23,37,33,8,1,1,17,0,0,0,0,4,1,4,7,0,0,0,6,7,6,3,0,0,0,5,5,8,3,0,4,0,0,5,8,3,9,0,1,0,0,0,0,0,0,0,0,0
37,2025-11-08 19:54:39.450,96,83,0,1,3,5,12,10,6,3,0,15,29,11,19,18,17,28,1,31,45,36,28,18,10,15,0,50,64,55,32,20,23,23,0,60,78,75,43,10,15,32,0,56,83,61,24,8,7,19,0,19,33,31,8,1,1,17,0,0,0,0,4,1,4,7,0,0,0,6,7,6,3,0,0,0,5,5,8,3,0,4,0,0,5,8,3,9,1,1,0,0,0,0,0,0,0,0,0
38,2025-11-08 19:54:39.461,96,82,0,1,3,6,12,10,6,4,0,16,30,12,20,18,17,28,1,34,50,42,32,20,11,16,0,53,69,62,40,22,24,25,0,61,80,79,48,11,15,32,0,53,82,61,26,8,6,19,0,13,26,28,8,1,1,17,0,0,0,0,4,1,4,6,0,0,0,6,7,6,3,0,0,0,5,5,8,3,0,4,0,0,6,9,3,9,1,1,0,0,0,0,0,0,0,0,0
39,2025-11-08 19:54:39.473,96,82,0,1,4,7,12,11,7,4,0,18,32,15,22,19,18,28,1,37,54,48,37,22,13,17,0,55,72,68,48,25,24,27,0,61,82,82,53,12,15,33,0,49,80,61,28,8,6,19,0,7,21,25,8,1,1,16,0,0,0,0,4,1,4,6,0,0,0,6,7,6,3,0,0,0,5,5,8,3,0,4,0,0,6,10,3,9,1,1,0,0,0,0,0,0,0,0,0
40,2025-11-08 19:54:39.493,96,83,0,1,4,8,13,11,7,4,0,19,34,17,23,20,19,28,1,38,56,51,39,23,13,17,0,56,74,71,52,26,25,27,0,61,83,83,55,13,15,33,0,48,78,61,29,8,5,19,0,5,19,23,8,0,1,16,0,0,0,0,4,1,4,6,0,0,0,6,7,6,3,0,0,0,5,5,8,3,0,4,0,0,6,10,3,9,1,1,0,0,0,0,0,0,0,0,0
41,2025-11-08 19:54:39.503,96,86,0,1,6,10,13,13,7,4,0,21,38,22,26,22,20,30,1,40,59,55,45,25,14,17,0,58,77,75,58,29,26,29,0,61,85,86,59,14,15,33,0,45,76,61,29,8,4,19,0,3,16,21,8,0,1,15,0,0,0,0,4,1,4,6,0,0,0,6,7,6,3,0,0,0,5,5,8,3,0,4,0,0,6,11,3,9,1,1,0,0,0,0,0,0,0,0,0
42,2025-11-08 19:54:39.514,96,87,0,1,7,11,14,14,8,5,0,23,40,25,28,23,20,31,1,42,61,57,48,27,14,18,0,59,78,77,61,30,26,29,0,61,86,87,61,14,15,33,0,44,75,61,29,8,4,19,0,3,15,20,8,0,1,14,0,0,0,0,4,1,4,6,0,0,0,6,7,6,3,0,0,0,5,5,8,3,0,4,0,0,6,11,3,9,1,1,0,0,0,0,0,0,0,0,0
43,2025-11-08 19:54:39.524,96,89,0,3,9,12,16,16,8,5,0,26,46,31,32,25,21,32,1,44,63,61,54,31,16,18,0,61,81,81,67,33,28,30,0,61,88,89,65,14,15,33,0,42,75,62,30,8,4,19,0,3,14,19,8,0,1,14,0,0,0,0,4,1,3,6,0,0,0,6,7,6,3,0,0,0,5,5,8,3,0,4,0,0,7,12,3,9,1,1,0,0,0,0,0,0,0,0,0
44,2025-11-08 19:54:39.535,96,91,0,5,11,14,18,17,8,5,0,30,52,37,36,27,23,33,1,47,65,65,60,35,17,19,0,62,83,84,73,36,28,31,1,62,88,91,69,16,15,33,0,41,74,62,32,8,4,19,0,3,14,19,8,0,1,14,0,0,0,0,4,1,1,6,0,0,0,6,7,6,3,0,0,0,6,5,8,3,1,4,0,0,7,13,3,9,1,1,0,0,0,0,0,0,0,0,0
45,2025-11-08 19:54:39.549,96,92,0,6,12,15,19,18,8,5,0,31,54,39,38,28,23,33,1,48,66,67,63,37,18,20,1,63,84,85,75,37,29,31,1,62,89,92,71,17,15,34,0,41,74,62,33,8,4,19,0,3,14,19,8,0,1,14,0,0,0,0,4,1,1,6,0,0,0,6,7,6,3,1,0,0,7,5,8,3,1,4,0,0,7,14,3,10,1,1,0,0,0,0,0,0,0,0,0
46,2025-11-08 19:54:39.557,96,94,0,6,14,17,20,19,9,6,0,33,58,43,42,30,24,33,1,50,68,71,67,40,18,21,1,63,86,87,79,40,30,31,1,62,89,94,74,19,15,35,0,41,74,64,35,8,4,19,0,3,14,19,8,0,1,14,0,0,0,0,4,1,1,6,0,0,0,6,7,6,3,1,0,0,7,5,8,4,0,4,0,0,7,14,3,10,1,1,0,0,0,0,0,0,0,0,0
47,2025-11-08 19:54:39.568,96,95,0,6,14,18,21,20,9,6,0,34,60,45,44,31,24,33,1,51,69,72,69,42,19,21,1,64,87,88,81,41,31,31,1,63,90,95,75,20,15,35,0,41,74,65,36,8,4,19,0,3,14,19,8,0,1,14,0,0,0,0,4,1,1,6,0,0,0,6,7,6,3,1,0,0,8,5,8,4,0,4,0,0,7,14,3,10,1,1,0,0,0,0,0,0,0,0,0
48,2025-11-08 19:54:39.578,96,97,0,6,15,19,22,20,10,6,0,36,63,48,46,32,24,33,1,53,70,74,72,44,19,22,1,65,88,90,83,43,32,32,1,64,91,97,78,22,15,36,0,41,76,67,38,10,4,19,0,3,14,19,8,0,1,14,0,0,0,0,4,1,1,6,0,0,0,6,7,6,3,1,0,0,8,5,8,4,0,4,0,0,7,15,3,11,1,1,0,0,0,0,0,0,0,0,0
49,2025-11-08 19:54:39.589,96,98,0,6,16,20,23,20,10,6,0,37,65,50,47,33,24,33,1,54,71,75,73,45,20,22,1,65,89,91,84,44,32,32,1,65,92,98,79,23,15,37,0,42,77,68,39,10,4,19,0,3,14,19,8,1,1,14,0,0,0,0,4,1,1,6,0,0,0,6,7,6,3,1,0,0,8,5,8,4,0,4,0,0,7,15,3,12,1,1,0,0,0,0,0,0,0,0,0
50,2025-11-08 19:54:39.600,96,100,0,6,17,20,23,20,10,6,0,37,67,51,49,33,24,33,1,55,72,77,75,46,20,23,1,66,90,92,86,46,33,33,1,65,94,100,82,25,15,37,0,44,81,70,43,11,4,19,0,3,15,21,8,1,1,14,0,0,0,0,4,1,1,6,0,0,0,6,7,6,3,1,0,0,8,5,8,4,0,4,0,0,7,16,3,12,1,1,0,0,0,0,0,0,0,0,0
51,2025-11-08 19:54:39.610,96,100,0,7,19,21,25,21,10,6,0,39,69,53,51,35,24,34,1,57,74,79,77,48,21,23,1,67,91,93,88,48,34,33,1,66,95,100,84,27,15,38,0,45,82,71,44,11,4,19,0,3,15,22,8,1,1,14,0,0,0,0,4,1,1,6,0,0,0,6,7,6,3,1,0,0,8,5,8,4,0,5,0,0,7,17,3,12,1,1,0,0,0,0,0,0,0,0,0
52,2025-11-08 19:54:39.631,96,101,0,8,20,22,26,21,10,6,0,39,70,54,52,36,25,34,1,57,75,79,79,49,21,23,1,67,91,94,89,49,35,33,1,66,95,101,85,28,16,38,0,45,84,73,46,11,4,19,0,3,15,22,8,1,1,14,0,0,0,0,4,1,1,6,0,0,1,6,7,6,3,1,0,0,9,5,8,4,0,5,0,0,8,17,3,12,1,1,0,0,0,0,0,0,0,0,0
53,2025-11-08 19:54:39.641,96,102,0,9,22,24,28,21,12,7,0,41,72,56,56,38,25,35,1,58,76,81,82,51,22,24,1,68,92,95,91,50,35,33,1,66,96,102,87,29,16,38,0,45,84,74,46,11,4,19,0,3,15,22,8,1,1,14,0,0,0,0,4,1,1,6,0,0,1,6,8,7,3,1,0,0,9,5,8,4,1,5,0,0,9,18,3,12,1,1,0,0,0,0,0,0,0,0,0
54,2025-11-08 19:54:39.652,96,102,0,9,23,25,29,22,12,7,0,42,73,57,58,39,26,35,1,58,77,82,83,52,22,24,1,68,92,95,92,50,36,33,1,66,96,102,88,29,16,38,0,45,84,74,47,11,4,19,0,3,15,22,8,1,1,14,0,0,0,0,4,1,1,6,0,0,1,6,8,7,3,1,0,0,9,5,8,4,1,5,0,0,9,18,3,12,1,1,0,0,0,0,0,0,0,0,0
55,2025-11-08 19:54:39.663,96,103,0,10,24,26,30,22,13,7,0,42,75,59,61,41,26,35,2,59,79,83,85,53,23,25,1,68,93,96,93,52,36,34,1,67,97,103,90,31,16,38,1,45,84,75,48,11,4,19,0,3,17,23,8,1,1,14,0,0,0,1,4,1,1,6,0,0,1,6,8,7,3,1,0,0,9,5,8,5,0,5,0,0,9,18,3,12,1,1,0,0,0,0,0,0,0,0,0
56,2025-11-08 19:54:39.674,96,104,0,10,24,26,30,22,13,7,0,43,76,60,62,41,26,35,2,59,79,84,86,54,23,25,1,68,93,96,93,53,36,35,1,68,98,104,91,32,16,38,1,45,85,76,49,11,4,19,0,3,18,24,8,1,1,14,0,0,0,1,4,1,1,6,0,0,1,6,8,8,3,0,0,0,9,5,8,5,0,5,0,0,9,18,3,12,1,2,0,0,0,0,0,0,0,0,0
57,2025-11-08 19:54:39.685,96,106,0,10,24,26,30,22,13,7,0,43,78,61,62,41,26,36,2,59,80,85,86,54,23,25,1,69,94,97,94,54,37,35,1,69,100,106,93,34,16,38,2,47,89,80,52,13,4,19,0,3,23,28,9,1,1,14,0,0,0,1,4,1,1,6,0,0,1,6,8,8,3,0,0,0,9,5,8,5,1,5,0,0,9,18,3,13,1,2,0,0,0,0,0,0,0,0,0
58,2025-11-08 19:54:39.694,96,106,0,10,24,26,30,22,13,7,0,43,78,61,62,41,26,36,2,60,80,85,86,54,23,25,1,70,94,98,94,55,37,36,1,70,100,106,93,36,16,38,2,49,91,82,54,14,4,19,0,4,26,31,10,1,1,14,0,0,0,1,4,1,1,6,0,0,1,6,8,8,3,0,0,0,9,5,8,5,1,5,0,0,9,18,3,13,1,2,0,0,0,0,0,0,0,0,0
59,2025-11-08 19:54:39.706,96,107,0,10,24,26,30,22,13,7,0,43,78,61,62,41,26,36,2,60,80,85,86,54,23,25,1,70,95,98,95,56,38,37,1,71,101,107,95,40,18,38,3,53,95,86,58,18,4,19,0,8,32,36,12,1,1,14,0,0,0,2,4,2,1,6,0,0,1,6,8,8,3,0,0,0,9,5,8,5,1,5,0,0,9,18,3,13,1,2,0,0,0,0,0,0,0,0,0
60,2025-11-08 19:54:39.717,96,108,0,10,24,26,30,22,13,7,0,44,78,61,62,41,26,36,2,60,80,86,86,55,23,25,1,70,96,98,96,57,39,37,1,72,101,108,96,42,19,39,3,55,96,88,61,20,4,19,0,10,35,38,13,1,1,14,0,0,0,3,4,2,1,6,0,0,1,6,8,8,3,0,0,0,8,5,8,5,1,5,0,0,9,18,3,13,1,2,0,0,0,0,0,0,0,0,0
61,2025-11-08 19:54:39.727,96,108,0,10,24,26,30,22,13,7,0,44,78,61,62,42,26,36,2,60,81,86,87,56,23,26,1,71,97,99,97,58,40,37,3,72,102,108,97,46,20,39,3,58,99,90,65,24,4,19,0,14,41,42,15,1,1,14,0,0,1,5,5,2,1,6,0,0,1,6,8,8,3,0,0,0,8,5,8,5,1,5,0,0,9,18,3,13,1,2,0,0,0,0,0,0,0,0,0
62,2025-11-08 19:54:39.738,96,109,0,10,24,26,30,22,13,7,0,45,79,61,62,42,26,36,2,61,82,86,87,56,24,26,1,71,97,99,97,58,40,38,3,73,103,109,98,48,21,40,3,59,100,91,67,25,4,19,0,16,44,44,16,1,1,14,0,0,1,6,5,2,1,5,0,0,1,6,8,8,3,0,0,0,8,5,8,5,1,5,0,0,9,18,3,13,1,2,0,0,0,0,0,0,0,0,0
63,2025-11-08 19:54:39.749,96,109,0,10,24,26,30,22,13,7,0,46,81,61,62,42,26,36,2,62,84,87,88,57,24,26,1,71,98,99,98,59,40,38,3,74,104,109,99,51,21,40,3,61,102,93,71,28,4,19,0,20,50,48,18,1,1,14,0,0,1,7,6,2,1,5,0,0,1,6,8,8,3,0,0,0,8,5,8,5,1,5,0,0,9,18,3,13,1,3,0,0,1,0,0,0,0,0,0
64,2025-11-08 19:54:39.760,96,110,0,10,25,26,30,22,14,7,0,46,82,62,63,43,26,37,2,62,85,87,88,57,24,26,1,72,99,99,98,59,41,38,3,75,105,110,99,52,21,40,3,62,103,94,73,29,4,19,0,22,53,49,19,1,1,14,0,0,1,8,6,2,1,5,0,0,0,6,8,8,3,0,0,0,8,5,8,5,1,5,0,0,9,18,3,13,1,3,0,0,1,0,0,0,0,0,0
65,2025-11-08 19:54:39.770,96,111,0,11,27,27,30,22,14,7,0,48,83,64,64,43,26,37,2,64,86,89,89,57,24,26,1,73,99,100,99,60,41,39,3,76,106,111,100,54,21,40,3,64,105,96,75,31,4,19,0,26,57,51,20,1,1,14,0,0,2,8,6,2,1,5,0,0,0,7,8,8,3,0,0,0,8,5,8,5,1,5,0,0,9,18,3,13,1,3,0,0,1,0,0,0,0,0,0
66,2025-11-08 19:54:39.781,96,112,0,12,28,28,30,23,14,7,0,48,83,65,64,44,26,37,2,64,86,89,90,58,24,26,1,73,99,101,99,60,41,39,3,77,106,112,100,55,21,40,3,65,106,97,76,32,4,19,0,28,58,52,21,2,1,14,0,0,2,9,6,2,1,5,0,0,0,7,8,8,3,0,0,0,8,5,8,5,1,5,0,0,9,19,3,13,1,3,0,0,1,0,0,0,0,0,0
67,2025-11-08 19:54:39.801,96,112,0,13,30,29,30,24,14,7,0,49,84,66,66,45,26,37,2,66,87,90,91,59,24,27,1,74,100,101,99,61,41,39,3,78,107,112,101,56,21,40,3,67,107,99,78,32,4,19,0,30,60,54,21,2,1,14,0,0,3,9,6,2,1,5,0,0,0,7,8,8,3,0,0,0,8,5,8,5,1,5,0,0,9,19,3,13,1,3,0,0,1,0,0,0,0,0,0
68,2025-11-08 19:54:39.813,96,112,0,13,31,30,30,25,14,7,0,50,85,67,67,46,26,37,2,66,88,91,92,60,24,27,1,74,100,102,100,62,41,39,3,79,107,112,101,56,21,40,3,68,107,100,78,33,4,19,0,31,61,55,21,2,1,14,0,0,3,9,6,2,1,5,0,0,1,7,8,8,3,0,0,0,8,5,8,5,1,5,0,0,9,19,3,13,1,3,0,0,1,0,0,0,0,0,0
69,2025-11-08 19:54:39.823,96,113,0,15,32,31,30,25,14,7,0,51,85,69,69,47,27,37,2,67,88,92,93,61,24,28,1,74,100,102,101,63,42,39,3,80,107,113,102,57,21,40,3,69,108,101,78,34,4,19,0,31,62,56,21,2,1,14,0,0,3,9,6,2,1,5,0,0,1,7,8,8,3,1,0,0,8,5,8,5,1,5,0,0,9,20,3,13,1,3,0,0,1,0,0,0,0,0,0
70,2025-11-08 19:54:39.833,96,114,0,16,33,32,30,25,14,7,0,52,85,69,70,48,27,37,2,68,89,93,94,62,24,28,1,75,101,103,101,64,42,39,3,80,108,114,103,57,22,40,3,69,108,101,79,34,4,19,0,32,63,56,22,2,1,14,0,0,3,9,6,2,1,5,0,0,0,7,8,8,3,1,0,0,8,5,8,5,1,5,0,0,9,20,3,13,1,3,0,0,1,0,0,0,0,0,0
71,2025-11-08 19:54:39.845,96,114,0,18,35,34,31,26,14,7,0,53,87,70,72,49,27,37,2,69,90,94,95,64,26,28,1,75,102,103,102,65,43,40,3,81,109,114,104,59,23,40,3,70,109,102,81,36,4,19,0,32,63,56,22,3,1,14,0,1,3,9,6,2,1,5,0,0,0,8,8,8,3,1,0,0,8,5,8,5,1,5,0,0,9,20,3,13,1,3,0,0,1,0,0,0,0,0,0
72,2025-11-08 19:54:39.854,96,115,0,19,36,36,32,26,14,7,0,53,87,71,73,50,28,37,2,69,91,94,96,65,26,28,1,75,102,104,103,66,44,40,3,81,109,115,105,60,24,40,3,70,109,102,81,37,4,19,0,32,63,56,23,4,1,13,0,0,3,9,6,2,1,5,0,0,0,8,8,8,3,1,0,0,8,5,8,5,1,5,0,0,9,20,3,13,1,3,0,0,1,0,0,0,0,0,0
73,2025-11-08 19:54:39.866,96,115,0,21,38,40,34,28,15,7,0,54,89,73,75,52,28,37,2,70,92,96,98,68,28,28,1,75,103,104,104,68,45,40,3,81,109,115,106,62,25,40,3,70,109,103,82,39,4,19,0,32,63,56,23,5,1,13,0,0,3,9,6,2,1,5,0,0,0,8,8,9,3,1,0,0,8,5,8,5,1,5,0,0,10,20,3,13,1,4,0,0,1,0,0,0,0,0,0
74,2025-11-08 19:54:39.876,96,115,0,22,39,42,35,29,16,7,0,54,90,74,76,53,29,37,2,70,93,96,99,70,29,28,1,75,103,105,104,69,46,40,3,81,109,115,106,63,25,40,3,70,109,103,83,40,4,19,0,32,63,56,23,5,1,13,0,0,3,9,6,2,1,5,0,0,0,8,8,9,3,1,0,0,8,5,8,5,1,5,0,0,11,20,3,13,1,4,0,0,1,0,0,0,0,0,0
75,2025-11-08 19:54:39.888,96,116,0,23,42,47,38,31,17,7,0,56,92,76,80,57,31,37,2,70,94,97,101,74,31,28,2,75,104,105,105,73,48,41,3,81,109,116,107,65,26,40,3,70,109,103,84,42,4,19,0,30,62,56,23,5,1,13,0,0,3,9,6,2,1,5,0,0,0,8,8,9,3,1,0,0,8,5,9,5,1,5,0,0,11,20,3,13,1,4,0,0,1,0,0,0,0,0,0
76,2025-11-08 19:54:39.899,96,116,0,23,43,49,40,32,18,7,0,56,93,77,81,59,32,37,2,71,94,97,102,76,32,28,2,76,105,106,106,74,49,41,3,81,109,116,107,66,27,40,3,70,109,103,84,43,4,19,0,29,61,56,23,5,2,13,0,0,3,9,6,2,1,5,0,0,0,8,8,9,3,1,0,0,8,5,9,5,2,5,0,0,12,20,3,13,1,5,0,0,1,0,0,0,0,0,0
77,2025-11-08 19:54:39.912,96,116,0,24,45,53,43,34,20,7,0,57,94,79,83,62,34,37,3,71,95,98,103,79,34,29,3,76,105,106,107,76,51,41,3,81,109,116,108,68,28,40,3,70,109,103,85,44,4,18,0,28,60,56,24,5,2,13,0,0,3,9,6,2,1,5,0,0,0,8,8,9,3,1,0,0,8,5,9,5,2,5,0,0,12,20,3,13,1,5,0,0,1,0,0,0,0,0,0
78,2025-11-08 19:54:39.920,96,116,0,24,46,55,44,34,20,7,0,57,94,80,84,63,35,37,3,71,95,98,103,80,35,30,3,76,106,106,107,77,52,41,3,81,109,116,109,69,28,40,3,70,109,103,86,44,4,18,0,28,60,56,25,5,2,12,0,0,3,9,6,2,1,5,0,0,0,8,8,9,3,1,0,0,8,5,9,5,2,5,0,0,12,20,3,13,1,6,0,0,1,0,0,0,0,0,0
79,2025-11-08 19:54:39.931,96,117,0,25,48,58,47,36,21,7,0,58,95,82,86,65,36,37,3,72,96,98,104,82,36,30,3,77,106,107,108,79,54,41,3,81,110,117,110,71,29,40,3,70,109,104,88,45,4,18,0,28,60,56,25,5,2,12,0,0,3,9,7,2,1,5,0,0,0,8,8,10,3,1,0,0,8,5,10,5,2,5,0,0,12,20,3,13,1,6,0,0,1,0,0,0,0,0,0
80,2025-11-08 19:54:39.940,96,117,0,25,49,59,48,36,21,7,0,58,95,83,87,66,36,37,3,72,97,98,105,83,37,31,3,77,106,107,108,80,54,41,3,82,110,117,110,72,30,40,3,70,110,104,88,46,4,18,0,28,60,56,25,5,2,12,0,0,3,9,7,2,1,5,0,0,0,8,8,10,3,1,0,0,8,6,10,5,2,5,0,0,12,20,3,13,1,6,0,0,1,0,0,0,0,0,0
81,2025-11-08 19:54:39.951,96,118,0,26,51,61,50,37,21,7,0,59,96,85,89,68,37,37,3,73,97,99,106,85,38,31,3,78,106,108,108,81,55,41,3,82,110,118,111,74,31,40,3,70,110,105,89,47,4,18,0,28,60,57,26,5,2,12,0,0,3,9,7,2,1,5,0,0,1,8,8,10,4,1,0,0,8,6,11,5,2,5,0,0,12,20,3,13,1,6,0,0,1,0,0,0,0,0,0
82,2025-11-08 19:54:39.963,96,118,0,27,51,62,51,38,22,7,0,59,96,86,90,69,37,38,3,73,97,99,106,85,38,31,3,78,106,108,108,82,55,42,3,82,110,118,111,75,31,40,3,70,110,105,90,48,4,18,0,28,60,57,26,5,2,12,0,0,3,9,7,2,1,5,0,0,1,8,8,10,4,1,0,0,8,6,11,5,2,5,0,0,12,20,3,13,1,6,0,0,1,0,0,0,0,0,0
83,2025-11-08 19:54:39.983,96,118,0,27,52,64,52,39,22,7,0,60,97,86,92,71,38,39,3,74,98,99,107,86,39,31,3,79,106,108,108,83,56,42,3,82,110,118,111,76,32,40,3,70,110,106,90,49,5,17,0,28,60,57,26,5,2,12,0,0,3,9,7,2,1,5,0,0,1,8,8,10,4,1,0,0,8,6,11,5,2,5,0,0,12,20,3,13,1,6,0,0,1,0,0,0,0,0,0
84,2025-11-08 19:54:39.993,96,118,0,28,53,65,53,39,23,7,0,60,97,87,92,72,38,39,3,74,98,100,107,87,39,31,3,79,107,108,108,84,56,42,3,83,111,118,111,76,32,40,3,70,111,106,91,50,5,17,0,28,60,58,26,5,2,12,0,0,3,9,7,2,1,5,0,0,1,8,8,10,4,1,0,0,8,6,11,5,2,5,0,0,12,20,3,13,1,6,0,0,1,0,0,0,0,0,0
85,2025-11-08 19:54:40.004,96,118,0,29,54,66,53,40,23,7,0,60,98,87,93,73,38,39,3,74,98,100,108,87,39,31,3,79,107,108,109,85,57,42,3,83,111,118,112,78,33,40,3,71,111,106,92,52,6,17,0,28,61,58,27,5,2,12,0,0,3,10,7,2,1,5,0,0,1,8,8,11,5,1,0,0,8,6,11,5,2,5,0,0,12,20,3,13,1,6,0,0,1,0,0,0,0,0,0
86,2025-11-08 19:54:40.013,96,118,0,29,55,66,54,40,23,7,0,61,98,87,94,73,38,39,3,75,98,100,108,88,39,31,3,79,107,108,110,85,57,42,3,83,111,118,113,78,34,40,3,71,112,107,93,54,6,17,0,29,62,59,27,5,2,12,0,0,3,10,8,2,1,5,0,0,1,8,8,11,5,1,0,0,8,6,11,6,2,5,0,0,12,20,3,13,1,6,0,0,1,0,0,0,0,0,0
87,2025-11-08 19:54:40.023,96,118,0,31,56,68,56,41,23,7,0,61,99,87,95,74,39,39,3,75,99,100,109,89,41,32,4,80,107,108,111,87,59,42,5,84,112,118,113,80,35,40,3,72,112,107,95,57,7,17,0,29,62,60,28,6,2,12,0,0,3,10,8,2,1,5,0,0,1,8,8,12,5,1,0,0,8,6,11,6,2,5,0,0,12,20,3,13,1,6,0,0,1,0,0,0,0,0,0
88,2025-11-08 19:54:40.034,96,118,0,31,57,69,57,42,24,7,0,62,99,88,95,75,40,39,3,75,99,100,109,90,41,32,5,80,107,108,111,88,60,43,5,84,112,118,114,81,36,40,3,72,112,107,96,59,8,17,0,29,62,60,28,6,2,12,0,0,3,10,8,2,1,5,0,0,1,8,9,12,5,0,0,0,8,6,11,7,2,5,0,0,13,20,3,13,2,6,0,0,1,0,0,0,0,0,0
89,2025-11-08 19:54:40.047,96,118,0,33,58,71,59,45,25,7,0,62,99,88,97,77,42,39,4,75,99,101,110,92,43,32,5,81,108,108,112,90,62,43,7,84,112,118,114,82,38,40,3,72,112,107,96,60,9,17,0,29,62,60,28,6,2,12,0,0,3,10,8,3,1,5,0,0,1,8,9,12,5,0,0,0,8,6,11,7,2,5,0,0,13,20,3,14,2,6,0,0,1,0,0,0,0,0,0
90,2025-11-08 19:54:40.055,96,118,0,33,59,72,60,46,26,8,0,63,99,89,98,78,44,39,4,75,99,101,110,92,44,33,6,81,108,108,112,91,63,43,7,84,112,118,114,82,39,40,4,71,112,107,96,62,9,17,0,26,59,59,28,6,2,12,0,0,3,10,8,3,1,5,0,0,1,8,9,12,5,0,0,0,8,6,11,8,2,5,0,0,13,20,3,14,2,6,0,0,1,0,0,0,0,0,0
91,2025-11-08 19:54:40.066,96,118,0,34,60,73,62,49,27,8,0,64,99,89,98,80,46,40,4,75,99,101,110,94,47,33,6,81,108,108,112,92,65,43,7,84,112,118,114,83,40,40,4,70,111,107,96,63,10,17,0,24,57,58,28,6,2,12,0,0,3,10,8,3,1,5,0,0,1,8,9,12,5,0,0,0,8,6,11,8,2,5,0,0,14,20,3,14,2,7,0,0,1,0,0,0,0,0,0
92,2025-11-08 19:54:40.086,96,118,0,34,60,74,63,50,28,8,0,64,100,90,99,81,47,40,5,76,99,101,110,95,49,34,6,81,108,108,112,93,66,44,7,84,112,118,114,84,43,40,4,68,110,107,96,65,11,17,0,21,55,55,28,6,2,12,0,0,3,10,8,3,1,5,0,0,1,8,9,12,5,0,0,0,8,6,11,8,2,5,0,0,14,20,3,14,2,7,0,0,1,0,0,0,0,0,0
93,2025-11-08 19:54:40.097,96,118,0,34,61,75,65,52,30,9,0,64,101,90,99,83,49,42,5,76,100,101,110,96,52,35,6,81,108,108,112,94,68,44,8,84,112,118,114,85,45,40,4,65,109,107,96,66,12,17,0,20,54,54,28,6,2,12,0,0,3,10,8,3,1,5,0,0,1,8,9,12,5,0,0,0,8,6,11,8,2,5,0,0,14,20,3,14,3,7,0,0,1,0,0,0,0,0,0
94,2025-11-08 19:54:40.108,96,118,0,34,61,75,66,53,31,9,0,64,101,90,99,84,50,42,5,76,100,101,110,96,53,36,6,81,108,108,112,94,69,45,8,84,112,118,114,86,46,40,4,64,109,107,96,67,14,17,0,18,51,53,28,6,2,12,0,0,3,10,8,3,1,5,0,0,1,8,9,12,5,0,0,0,8,6,11,8,2,5,0,0,14,20,3,14,4,7,0,0,1,0,0,0,0,0,0
95,2025-11-08 19:54:40.120,96,118,0,34,61,76,68,55,32,9,0,64,101,90,99,86,52,43,5,76,100,101,110,97,56,37,6,81,108,108,112,95,71,45,8,84,112,118,114,87,48,40,4,60,106,106,96,68,14,17,0,14,47,51,28,6,2,12,0,0,1,10,8,3,1,5,0,0,2,8,9,12,5,0,0,0,8,6,11,8,2,5,0,0,14,20,3,14,4,8,0,0,1,0,0,0,0,0,0
96,2025-11-08 19:54:40.129,96,118,0,34,61,76,69,55,32,9,0,64,101,90,99,87,53,43,6,76,100,101,110,98,57,38,6,81,108,108,112,96,72,46,8,83,112,118,114,87,49,40,4,58,104,104,96,68,14,17,0,11,44,49,28,6,2,12,0,0,1,10,8,3,1,5,0,0,2,8,9,12,5,0,0,0,8,6,11,8,2,5,0,0,14,20,3,14,4,8,0,0,1,0,0,0,0,0,0
97,2025-11-08 19:54:40.139,96,117,0,34,61,76,69,55,32,9,0,64,101,90,99,88,55,44,6,76,100,101,110,98,59,38,6,81,108,108,112,96,74,46,8,80,110,117,114,87,51,40,4,53,99,100,94,68,14,17,0,6,37,43,25,6,2,12,0,0,0,9,8,3,1,5,0,0,2,8,9,12,5,0,0,0,8,6,11,8,2,5,0,0,14,20,3,14,4,8,0,0,1,0,0,0,0,0,0
98,2025-11-08 19:54:40.150,96,116,0,34,61,76,69,55,32,9,0,64,101,90,99,88,55,44,6,76,100,101,110,98,60,38,6,80,107,108,112,96,74,46,8,78,109,116,114,87,51,39,1,50,96,98,92,67,14,17,0,1,33,39,22,6,2,12,0,0,0,7,7,3,1,5,0,0,2,8,9,12,5,0,0,0,8,6,11,8,2,5,0,0,14,20,3,14,4,8,0,0,0,0,0,0,0,0,0
99,2025-11-08 19:54:40.160,96,113,0,34,61,76,69,55,32,9,0,63,100,90,99,88,55,44,6,75,99,101,110,98,60,38,6,78,105,107,111,96,74,45,7,75,105,113,113,86,49,36,0,44,89,92,86,62,12,16,0,1,25,31,16,5,2,12,0,0,0,5,6,3,1,4,0,0,1,8,8,12,5,0,0,0,8,6,10,8,2,5,0,0,14,20,3,14,4,8,0,0,0,0,0,0,0,0,0
100,2025-11-08 19:54:40.170,96,110,0,34,61,76,69,55,32,9,0,62,99,89,98,87,54,44,6,73,97,99,110,97,59,38,6,76,102,105,110,95,71,42,4,72,101,110,109,83,44,35,0,41,85,88,82,58,10,15,0,1,22,28,13,4,1,11,0,0,0,4,5,3,1,4,0,0,1,8,8,12,4,0,0,0,8,6,10,8,2,5,0,0,14,20,3,14,4,8,0,0,0,0,0,0,0,0,0
101,2025-11-08 19:54:40.182,96,109,0,34,61,75,68,55,31,9,0,61,98,88,97,86,53,44,6,72,96,98,109,96,57,37,6,75,101,104,109,93,69,40,1,70,99,109,107,81,41,31,0,35,76,79,73,47,7,15,0,0,16,22,9,3,1,10,0,0,0,1,5,3,1,1,0,0,0,7,7,12,4,0,0,0,8,6,9,8,2,5,0,0,14,20,1,14,4,8,0,0,0,0,0,0,0,0,0
102,2025-11-08 19:54:40.193,96,107,0,33,59,73,65,52,29,8,0,59,96,86,95,83,50,42,6,70,93,97,107,93,52,33,6,73,98,102,106,89,64,36,0,66,95,105,103,75,34,27,0,29,66,69,63,36,5,14,0,0,12,16,6,1,1,9,0,0,0,1,4,3,1,1,0,0,0,7,7,12,4,0,0,0,7,6,9,8,2,5,0,0,14,19,1,14,4,8,0,0,0,0,0,0,0,0,0
103,2025-11-08 19:54:40.203,96,106,0,32,58,72,63,50,27,7,0,58,95,85,94,81,48,41,5,68,91,96,106,91,50,31,5,72,96,101,105,86,62,33,0,63,92,103,101,71,30,26,0,26,60,63,57,31,4,14,0,0,10,13,5,0,1,8,0,0,0,0,4,3,1,1,0,0,0,7,6,12,4,0,0,0,7,6,8,7,2,5,0,0,14,18,1,14,4,8,0,0,0,0,0,0,0,0,0
104,2025-11-08 19:54:40.225,96,103,0,29,54,68,59,44,23,5,0,54,91,81,90,76,43,39,3,65,87,92,103,87,44,27,1,68,92,98,101,80,56,28,0,57,85,98,94,60,23,23,0,19,48,50,44,21,0,13,0,0,6,7,4,0,0,6,0,0,0,0,3,1,1,1,0,0,0,7,5,11,3,0,0,0,6,6,8,6,2,4,0,0,14,16,1,13,1,7,0,0,0,0,0,0,0,0,0
105,2025-11-08 19:54:40.236,96,101,0,27,52,65,56,41,21,5,0,52,89,79,88,73,40,38,3,63,84,90,101,84,41,25,1,66,89,96,99,76,52,26,0,53,80,94,89,54,20,22,0,15,42,43,37,17,0,12,0,0,4,5,3,0,0,5,0,0,0,0,3,1,1,0,0,0,0,7,5,10,3,0,0,0,6,6,7,5,2,4,0,0,14,15,1,12,1,7,0,0,0,0,0,0,0,0,0
106,2025-11-08 19:54:40.244,96,95,0,22,46,58,49,33,15,4,0,49,85,73,82,64,34,36,3,59,78,86,95,76,32,22,1,61,83,91,93,65,41,22,0,42,69,83,75,37,14,19,0,9,28,29,23,1,0,10,0,0,0,1,1,0,0,3,0,0,0,1,1,0,0,0,0,0,0,7,5,8,1,0,0,0,6,6,6,4,1,3,0,0,13,13,1,10,0,6,0,0,0,0,0,0,0,0,0
107,2025-11-08 19:54:40.254,96,87,0,16,37,45,37,22,11,3,0,44,79,67,73,51,27,35,1,54,72,82,87,62,24,20,0,54,76,85,82,50,29,20,0,30,56,69,56,21,8,18,0,0,22,23,17,0,0,9,0,0,0,0,0,0,0,3,0,0,0,1,1,0,0,0,0,0,0,7,5,6,1,0,0,0,6,6,5,3,1,1,0,0,12,12,1,8,0,5,0,0,0,0,0,0,0,0,0
108,2025-11-08 19:54:40.266,96,82,0,13,31,37,30,17,9,3,0,41,74,63,67,43,24,33,0,51,69,79,80,52,20,19,0,50,72,82,75,41,23,18,0,24,49,61,45,15,6,16,0,0,11,1,0,0,0,9,0,0,0,0,0,0,0,3,0,0,0,1,1,0,0,0,0,0,0,7,4,4,0,0,0,0,6,5,5,1,0,1,0,0,11,10,1,5,0,0,0,0,0,0,0,0,0,0,0
109,2025-11-08 19:54:40.275,96,71,0,7,19,21,17,0,6,3,0,33,62,50,48,26,18,30,0,44,62,70,60,31,12,17,0,40,64,71,54,23,14,16,0,15,34,43,26,0,0,16,0,0,0,0,0,0,0,9,0,0,0,0,0,0,0,3,0,0,0,1,1,0,0,0,0,0,0,7,3,3,0,0,0,0,6,4,5,1,0,0,0,0,9,8,1,4,0,0,0,0,0,0,0,0,0,0,0
110,2025-11-08 19:54:40.287,96,64,0,0,0,0,0,0,4,1,0,22,46,42,37,19,16,29,0,40,58,64,48,22,9,16,0,36,60,63,42,0,11,15,0,12,27,34,1,0,0,16,0,0,0,0,0,0,0,9,0,0,0,0,0,0,0,3,0,0,0,1,1,0,0,0,0,0,0,6,3,3,0,0,0,0,6,4,5,1,0,0,0,0,8,7,1,4,0,0,0,0,0,0,0,0,0,0,0
111,2025-11-08 19:54:40.298,96,50,0,0,0,0,0,0,4,1,0,17,37,25,1,1,12,26,0,30,48,47,26,0,6,12,0,28,50,43,22,0,8,14,0,7,16,19,0,0,0,16,0,0,0,0,0,0,0,9,0,0,0,0,0,0,0,3,0,0,0,1,1,0,0,0,0,0,0,5,3,3,0,0,0,0,6,3,3,1,0,0,0,0,7,5,1,3,0,0,0,0,0,0,0,0,0,0,0
112,2025-11-08 19:54:40.308,96,38,0,0,0,0,0,1,4,0,0,0,21,1,0,0,10,24,0,18,36,29,0,0,5,10,0,20,38,24,0,0,7,13,0,5,9,0,0,0,0,16,0,0,0,0,0,0,0,9,0,0,0,0,0,0,0,3,0,0,0,1,1,0,0,0,0,0,0,3,1,3,0,0,0,0,6,3,3,1,0,0,0,0,7,3,0,3,0,0,0,0,0,0,0,0,0,0,0
113,2025-11-08 19:54:40.319,96,25,0,0,0,0,0,0,4,0,0,0,0,0,0,0,9,22,0,0,22,0,0,0,4,8,0,12,25,0,0,0,7,12,0,1,5,0,0,0,0,16,0,0,0,0,0,0,0,9,0,0,0,0,0,0,0,3,0,0,0,1,1,0,0,0,0,0,0,1,1,3,0,0,0,0,5,3,1,1,0,0,0,0,7,3,1,1,0,1,0,0,0,0,0,0,0,0,0
114,2025-11-08 19:54:40.329,96,22,0,0,0,0,0,0,3,0,0,0,0,0,0,0,7,22,0,0,0,0,0,0,1,7,0,0,0,0,0,0,5,10,0,0,0,0,0,0,0,15,0,0,0,0,0,0,0,8,0,0,0,0,0,0,0,1,0,0,0,0,0,0,0,0,0,0,0,0,0,1,0,0,0,0,5,1,1,1,0,0,0,0,7,3,1,1,0,1,0,0,1,0,0,0,0,0,0
115,2025-11-08 19:54:40.341,96,21,0,0,0,0,0,0,1,0,0,0,0,0,0,0,5,21,0,0,0,0,0,0,0,7,0,0,0,0,0,0,1,9,0,0,0,0,0,0,0,13,0,0,0,0,0,0,0,7,0,0,0,0,0,0,0,1,0,0,0,0,0,0,0,0,0,0,0,0,0,1,0,0,0,0,4,1,1,1,0,1,0,0,6,3,1,1,0,1,0,0,1,0,0,0,0,0,0
116,2025-11-08 19:54:40.352,96,20,0,0,0,0,0,0,0,0,0,0,0,0,0,0,0,20,0,0,0,0,0,0,0,5,0,0,0,0,0,0,0,7,0,0,0,0,0,0,0,9,0,0,0,0,0,0,0,6,0,0,0,0,0,0,0,0,0,0,0,0,0,0,0,0,0,0,0,0,0,1,0,0,0,0,4,1,1,1,0,1,0,0,6,3,1,1,0,1,0,0,1,0,0,0,0,0,0
117,2025-11-08 19:54:40.362,96,18,0,0,0,0,0,0,0,0,0,0,0,0,0,0,0,18,0,0,0,0,0,0,0,1,0,0,0,0,0,0,0,4,0,0,0,0,0,0,0,5,0,0,0,0,0,0,0,5,0,0,0,0,0,0,0,0,0,0,0,0,0,0,0,0,0,0,0,0,0,1,0,0,0,0,4,1,1,1,0,1,0,0,6,3,1,1,0,1,0,0,0,0,0,0,0,0,0
118,2025-11-08 19:54:40.373,96,16,0,0,0,0,0,0,0,0,0,0,0,0,0,0,0,16,0,0,0,0,0,0,0,1,0,0,0,0,0,0,0,1,0,0,0,0,0,0,0,1,0,0,0,0,0,0,0,4,0,0,0,0,0,0,0,0,0,0,0,0,0,0,0,0,0,0,0,0,0,0,0,0,0,0,4,1,1,1,0,1,0,0,5,3,1,1,0,1,0,0,0,0,0,0,0,0,0
119,2025-11-08 19:54:40.393,96,15,0,0,0,0,0,0,0,0,0,0,0,0,0,0,0,15,0,0,0,0,0,0,0,1,0,0,0,0,0,0,0,1,0,0,0,0,0,0,0,0,0,0,0,0,0,0,0,4,0,0,0,0,0,0,0,0,0,0,0,0,0,0,0,0,0,0,0,0,0,0,0,0,0,0,4,1,1,1,0,0,0,0,4,3,1,1,0,1,0,0,0,0,0,0,0,0,0
120,2025-11-08 19:54:40.404,96,15,0,0,0,0,0,0,0,0,0,0,0,0,0,0,0,15,0,0,0,0,0,0,0,1,0,0,0,0,0,0,0,0,0,0,0,0,0,0,0,0,0,0,0,0,0,0,0,3,0,0,0,0,0,0,0,0,0,0,0,0,0,0,0,0,0,0,0,0,0,1,0,0,0,0,4,1,1,1,0,0,0,0,4,3,1,1,0,1,0,0,0,0,0,0,0,0,0
121,2025-11-08 19:54:40.415,96,14,0,0,0,0,0,0,0,0,0,0,0,0,0,0,0,14,0,0,0,0,0,0,0,0,0,0,0,0,0,0,0,0,0,0,0,0,0,0,0,0,0,0,0,0,0,0,0,1,0,0,0,0,0,0,0,0,0,0,0,0,0,0,0,0,0,0,0,0,0,1,0,0,0,0,4,1,1,1,0,0,0,0,4,3,1,1,0,1,0,0,0,0,0,0,0,0,0
122,2025-11-08 19:54:40.427,96,12,0,0,0,0,0,0,0,0,0,0,0,0,0,0,0,12,0,0,0,0,0,0,0,0,0,0,0,0,0,0,0,0,0,0,0,0,0,0,0,0,0,0,0,0,0,0,0,0,0,0,0,0,0,0,0,0,0,0,0,0,0,0,0,0,0,0,0,0,0,1,0,0,0,0,4,1,1,1,0,0,0,0,4,3,1,1,0,1,0,0,0,0,0,0,0,0,0
123,2025-11-08 19:54:40.437,96,11,0,0,0,0,0,0,0,0,0,0,0,0,0,0,0,11,0,0,0,0,0,0,0,0,0,0,0,0,0,0,0,0,0,0,0,0,0,0,0,0,0,0,0,0,0,0,0,0,0,0,0,0,0,0,0,0,0,0,0,0,0,0,0,0,0,0,0,0,0,1,0,0,0,0,4,1,1,1,0,0,0,0,4,3,1,1,0,1,0,0,0,0,0,0,0,0,0
124,2025-11-08 19:54:40.448,96,11,0,0,0,0,0,0,0,0,0,0,0,0,0,0,0,11,0,0,0,0,0,0,0,0,0,0,0,0,0,0,0,0,0,0,0,0,0,0,0,0,0,0,0,0,0,0,0,0,0,0,0,0,0,0,0,0,0,0,0,0,0,0,0,0,0,0,0,0,0,1,0,0,0,0,4,1,1,1,0,0,0,0,4,3,1,1,0,1,0,0,0,0,0,0,0,0,0
125,2025-11-08 19:54:40.458,96,11,0,0,0,0,0,0,0,0,0,0,0,0,0,0,0,11,0,0,0,0,0,0,0,0,0,0,0,0,0,0,0,0,0,0,0,0,0,0,0,0,0,0,0,0,0,0,0,0,0,0,0,0,0,0,0,0,0,0,0,0,0,0,0,0,0,0,0,0,0,1,0,0,0,0,4,1,1,1,0,0,0,0,4,3,1,1,0,1,0,0,0,0,0,0,0,0,0
126,2025-11-08 19:54:40.470,96,11,0,0,0,0,0,0,0,0,0,0,0,0,0,0,0,11,0,0,0,0,0,0,0,0,0,0,0,0,0,0,0,0,0,0,0,0,0,0,0,0,0,0,0,0,0,0,0,0,0,0,0,0,0,0,0,0,0,0,0,0,0,0,0,0,0,0,0,0,0,1,0,0,0,0,4,1,1,1,0,0,0,0,4,3,1,1,0,1,0,0,0,0,0,0,0,0,0
127,2025-11-08 19:54:40.479,96,11,0,0,0,0,0,0,0,0,0,0,0,0,0,0,0,11,0,0,0,0,0,0,0,0,0,0,0,0,0,0,0,0,0,0,0,0,0,0,0,0,0,0,0,0,0,0,0,0,0,0,0,0,0,0,0,0,0,0,0,0,0,0,0,0,0,0,0,1,0,1,0,0,0,0,4,1,1,1,0,0,0,0,4,3,1,1,0,0,0,0,0,0,0,0,0,0,0
128,2025-11-08 19:54:40.490,96,11,0,0,0,0,0,0,0,0,0,0,0,0,0,0,0,11,0,0,0,0,0,0,0,0,0,0,0,0,0,0,0,0,0,0,0,0,0,0,0,0,0,0,0,0,0,0,0,1,0,0,0,0,0,0,0,0,0,0,0,0,0,0,0,0,0,0,0,1,0,1,0,0,0,0,4,1,1,1,0,1,0,0,4,3,1,1,0,0,0,0,0,0,0,0,0,0,0
129,2025-11-08 19:54:40.500,96,12,0,0,0,0,0,0,0,0,0,0,0,0,0,0,0,12,0,0,0,0,0,0,0,0,0,0,0,0,0,0,0,0,0,0,0,0,0,0,0,0,0,0,0,0,0,0,0,1,0,0,0,0,0,0,0,0,0,0,0,0,0,0,0,0,0,0,0,1,1,1,0,0,0,0,4,1,1,1,0,1,0,0,4,3,1,1,0,1,0,0,0,0,0,0,0,0,0
130,2025-11-08 19:54:40.512,96,12,0,0,0,0,0,0,0,0,0,0,0,0,0,0,0,12,0,0,0,0,0,0,0,0,0,0,0,0,0,0,0,0,0,0,0,0,0,0,0,0,0,0,0,0,0,0,0,1,0,0,0,0,0,0,0,0,0,0,0,0,0,0,0,0,0,0,0,1,1,1,0,0,0,0,4,1,1,1,0,1,0,0,3,3,1,1,0,1,0,0,0,0,0,0,0,0,0
131,2025-11-08 19:54:40.521,96,13,0,0,0,0,0,0,0,0,0,0,0,0,0,0,0,13,0,0,0,0,0,0,0,0,0,0,0,0,0,0,0,0,0,0,0,0,0,0,0,0,0,0,0,0,0,0,0,1,0,0,0,0,0,0,0,0,0,0,0,0,0,0,0,0,0,0,1,1,1,1,0,0,0,0,4,1,1,1,0,1,0,0,3,3,1,1,0,1,0,0,0,0,0,0,0,0,0
132,2025-11-08 19:54:40.533,96,13,0,0,0,0,0,0,0,0,0,0,0,0,0,0,1,13,0,0,0,0,0,0,0,1,0,0,0,0,0,0,0,0,0,0,0,0,0,0,0,0,0,0,0,0,0,0,0,1,0,0,0,0,0,0,0,0,0,0,0,0,0,0,0,0,0,0,1,1,1,1,0,0,0,0,4,1,1,1,0,1,0,0,3,3,1,1,0,1,0,0,0,0,0,0,0,0,0
133,2025-11-08 19:54:40.554,96,14,0,0,0,0,0,0,0,0,0,0,0,0,0,0,1,14,0,0,0,0,0,0,0,1,0,0,0,0,0,0,0,0,0,0,0,0,0,0,0,0,0,0,0,0,0,0,0,1,0,0,0,0,0,0,0,0,0,0,0,0,0,0,0,0,0,0,1,1,1,1,0,0,0,0,4,1,1,1,0,1,0,0,3,3,1,1,0,1,0,0,0,0,0,0,0,0,0
134,2025-11-08 19:54:40.565,96,14,0,0,0,0,0,0,0,0,0,0,1,0,0,0,1,14,0,0,0,0,0,0,0,1,0,0,0,0,0,0,0,0,0,0,0,0,0,0,0,1,0,0,0,0,0,0,0,1,0,0,0,0,0,0,0,0,0,0,0,0,0,0,0,0,0,0,1,1,1,1,0,0,0,0,4,1,1,1,0,1,0,0,3,3,1,1,0,1,0,0,0,0,0,0,0,0,0
135,2025-11-08 19:54:40.576,96,14,0,0,0,0,0,0,1,0,0,0,1,0,0,1,2,14,0,0,0,0,0,0,0,1,0,0,0,0,0,0,0,0,0,0,0,0,0,0,0,1,0,0,0,0,0,0,0,1,0,0,0,0,0,0,0,0,0,0,0,0,0,0,0,0,0,0,1,1,1,1,0,0,0,0,4,1,1,1,0,1,0,0,3,3,1,1,0,1,0,0,0,0,0,0,0,0,0
136,2025-11-08 19:54:40.587,96,14,0,0,0,0,0,0,1,0,0,0,1,0,1,1,4,14,0,0,0,0,0,0,0,1,0,0,0,0,0,0,0,0,0,0,0,0,0,0,0,3,0,0,0,0,0,0,0,1,0,0,0,0,0,0,0,1,0,0,0,0,0,0,0,0,0,0,1,1,1,1,0,0,0,0,4,1,1,1,0,1,0,0,3,3,1,1,0,1,0,0,0,0,0,0,0,0,0
137,2025-11-08 19:54:40.597,96,14,0,0,0,0,0,0,1,0,0,0,1,1,1,1,5,14,0,0,0,0,0,0,0,1,0,0,0,0,0,0,0,1,0,0,0,0,0,0,0,4,0,0,0,0,0,0,0,1,0,0,0,0,0,0,0,1,0,0,0,0,0,0,0,0,0,0,1,1,1,1,0,0,0,0,4,1,1,1,0,1,0,0,3,3,1,1,0,1,0,0,0,0,0,0,0,0,0
138,2025-11-08 19:54:40.606,96,15,0,0,0,0,0,0,1,0,0,0,1,1,1,2,6,15,0,0,1,0,0,0,0,1,0,0,0,0,0,0,0,1,0,0,0,0,0,0,0,5,0,0,0,0,0,0,0,2,0,0,0,0,0,0,0,1,0,0,0,0,0,0,0,0,0,0,1,1,1,2,0,0,0,0,4,1,1,1,0,1,0,0,3,3,1,1,0,1,0,0,0,0,0,0,0,0,0
139,2025-11-08 19:54:40.618,96,15,0,0,0,0,0,0,1,0,0,0,1,1,1,4,6,15,0,0,1,1,0,0,0,1,0,0,0,0,0,0,0,1,0,0,0,0,0,0,0,6,0,0,0,0,0,0,0,3,0,0,0,0,0,0,0,1,0,0,0,0,1,0,0,0,0,0,1,1,1,2,0,0,0,0,4,1,1,1,0,1,0,0,3,3,1,1,0,1,0,0,0,0,0,0,0,0,0
140,2025-11-08 19:54:40.630,96,16,0,0,0,0,0,0,1,0,0,0,1,1,2,6,6,16,0,0,1,1,1,0,0,1,0,0,0,0,0,0,1,1,0,0,0,0,0,0,0,6,0,0,0,0,0,0,0,3,0,0,0,0,0,0,0,1,0,0,0,0,1,0,0,0,0,0,1,2,1,2,1,0,0,0,4,1,1,1,0,1,0,0,3,3,1,1,0,1,0,0,0,0,0,0,0,0,0
141,2025-11-08 19:54:40.642,96,16,0,0,0,0,0,0,1,0,0,0,1,1,3,6,7,16,0,0,1,1,1,1,0,1,0,0,0,0,0,0,1,1,0,0,0,0,0,0,0,7,0,0,0,0,0,0,0,3,0,0,0,0,0,0,0,1,0,0,0,0,1,1,0,0,0,0,1,2,1,2,1,0,0,0,4,1,2,1,0,1,0,0,3,3,1,1,0,1,0,0,0,0,0,0,0,0,0
142,2025-11-08 19:54:40.651,96,17,0,0,0,0,0,0,1,0,0,0,2,1,4,7,7,17,0,0,2,1,1,1,0,1,0,0,1,0,0,0,1,1,0,0,0,0,0,0,0,8,0,0,0,0,0,0,0,4,0,0,0,0,0,0,0,1,0,0,0,0,1,1,0,0,0,0,1,2,1,2,1,0,0,0,4,1,2,1,0,1,0,0,3,3,1,1,0,1,0,0,0,0,0,0,0,0,0
143,2025-11-08 19:54:40.661,96,17,0,0,0,0,0,1,1,0,0,0,2,1,6,8,7,17,0,0,2,2,1,1,0,1,0,0,1,0,0,0,1,1,0,0,1,0,0,0,0,8,0,0,0,0,0,0,0,4,0,0,0,0,0,0,0,1,0,0,0,0,1,1,0,1,0,0,1,2,1,2,1,0,0,0,4,1,2,1,0,1,0,0,3,3,1,1,0,1,0,0,0,0,0,0,0,0,0
144,2025-11-08 19:54:40.671,96,18,0,0,0,0,1,1,1,0,0,0,3,1,7,8,7,18,0,0,3,2,1,1,1,1,0,0,1,0,0,0,1,1,0,0,1,1,0,0,0,9,0,0,0,0,0,0,0,5,0,0,0,0,0,0,0,1,0,0,0,0,1,1,0,1,0,0,1,3,1,2,1,0,0,0,4,1,2,1,0,1,0,0,3,3,1,1,0,1,0,0,0,0,0,0,0,0,0
145,2025-11-08 19:54:40.681,96,19,0,0,0,0,1,1,1,0,0,0,3,1,7,9,7,19,0,0,3,3,1,1,1,1,0,0,1,0,0,0,1,1,0,0,1,1,0,0,0,9,0,0,0,0,0,0,0,5,0,0,0,0,0,0,0,1,0,0,0,0,1,1,0,1,0,0,2,3,1,2,1,0,0,0,4,1,2,1,0,1,0,0,3,3,1,1,0,1,0,0,0,0,0,0,0,0,0
146,2025-11-08 19:54:40.692,96,20,0,0,0,0,1,1,1,0,0,0,3,1,7,9,8,20,0,0,3,4,1,1,1,1,0,0,1,0,0,0,2,2,0,0,1,1,0,0,1,9,0,0,0,0,0,0,1,5,0,0,0,0,0,0,0,1,0,0,0,0,1,1,0,1,0,0,2,3,2,2,1,0,0,0,4,2,2,1,0,1,0,0,3,3,1,1,0,1,0,0,0,0,0,0,0,0,0
147,2025-11-08 19:54:40.703,96,20,0,0,0,0,1,1,1,0,0,0,3,2,7,10,8,20,0,0,4,5,1,1,1,1,0,0,1,0,0,0,2,3,0,1,1,1,0,0,1,9,0,0,0,0,0,0,1,6,0,0,0,0,0,0,0,1,0,0,0,0,1,1,0,1,0,0,2,3,2,2,1,0,0,0,4,2,3,1,0,1,0,0,3,3,1,2,0,1,0,0,0,0,0,0,0,0,0
148,2025-11-08 19:54:40.724,96,20,0,0,0,0,1,1,1,0,0,0,3,2,7,10,8,20,0,0,4,6,1,1,1,1,0,0,1,1,0,0,2,3,0,1,1,1,0,0,1,9,0,0,0,0,0,0,1,6,0,0,0,0,0,0,0,1,0,0,0,0,1,1,0,1,0,0,2,3,2,2,1,0,0,0,4,2,3,1,0,1,0,0,3,3,1,2,0,1,0,0,0,0,0,0,0,0,0
149,2025-11-08 19:54:40.734,96,20,0,0,0,0,1,1,1,0,0,0,3,2,7,11,8,20,0,0,4,7,1,1,1,1,0,0,1,1,0,0,3,3,0,1,1,1,0,0,1,10,0,0,0,0,0,0,1,6,0,0,1,1,0,0,1,1,0,0,0,0,1,1,0,1,0,0,2,3,2,3,1,0,0,0,4,2,3,1,0,1,0,0,3,3,1,2,0,1,0,0,0,0,0,0,0,0,0
150,2025-11-08 19:54:40.745,96,21,0,0,0,0,1,1,1,0,0,0,3,2,7,11,8,21,0,0,4,7,1,1,1,1,0,0,2,1,0,1,3,4,0,1,1,1,0,0,1,10,0,1,1,0,0,0,1,6,0,0,1,1,0,0,1,1,0,0,1,1,1,1,0,1,0,0,2,4,2,3,1,0,0,0,4,2,3,1,0,1,0,0,3,3,1,2,0,1,0,0,0,0,0,0,0,0,0
151,2025-11-08 19:54:40.756,96,21,0,0,0,0,1,1,1,0,0,0,3,3,7,11,8,21,0,0,4,7,2,1,1,1,0,1,2,1,0,1,4,4,0,1,1,1,0,0,1,10,0,1,1,0,1,1,1,6,0,0,1,1,1,0,1,2,0,0,1,1,1,1,1,1,0,0,2,4,3,3,1,0,0,0,4,2,3,1,1,1,0,0,3,3,1,3,0,1,0,0,0,0,0,0,0,0,0
152,2025-11-08 19:54:40.767,96,21,0,0,0,0,1,1,1,0,0,0,3,3,8,11,9,21,0,0,4,7,2,1,1,1,0,1,2,1,0,1,4,5,0,1,1,3,1,1,1,10,0,1,3,1,1,1,1,6,0,0,2,3,1,0,1,2,0,0,1,1,2,1,1,1,0,0,3,4,3,4,1,0,0,0,4,2,3,2,1,1,0,0,3,3,1,3,0,1,0,0,0,0,0,0,0,0,0
153,2025-11-08 19:54:40.778,96,21,0,0,0,0,1,1,1,0,0,0,3,3,8,11,9,21,0,0,4,7,2,1,1,1,0,1,3,1,0,1,5,5,0,2,1,3,1,1,2,11,0,1,4,1,1,1,1,7,0,1,3,4,1,1,1,3,0,0,1,1,2,1,1,1,0,0,3,5,3,4,1,0,0,0,4,2,3,2,1,1,0,0,3,3,1,4,0,1,0,0,0,0,0,0,0,0,0
154,2025-11-08 19:54:40.789,96,21,0,0,0,0,1,2,1,0,0,0,3,3,8,11,10,21,0,0,5,8,2,2,1,1,0,1,4,1,0,1,5,6,0,3,1,4,1,1,2,11,0,1,6,1,1,1,1,7,0,1,5,6,1,1,2,4,0,0,1,2,4,1,1,1,0,0,4,6,3,4,1,0,0,0,4,2,3,4,1,1,0,0,3,3,1,4,0,1,0,0,0,0,0,0,0,0,0
155,2025-11-08 19:54:40.799,96,21,0,0,0,0,1,3,1,0,0,0,3,3,8,11,10,21,0,0,5,8,2,2,1,1,0,1,5,1,1,1,5,6,0,3,1,5,1,1,2,11,0,1,7,2,2,1,1,8,0,1,6,7,2,1,2,5,0,0,1,3,5,1,1,1,0,0,4,7,3,4,1,0,0,0,4,2,3,4,1,1,0,0,3,3,1,4,0,1,0,0,0,0,0,0,0,0,0
156,2025-11-08 19:54:40.810,96,21,0,0,0,0,2,3,1,1,0,0,4,3,8,11,10,21,0,0,5,8,2,2,1,2,0,2,6,1,1,1,6,7,0,3,3,6,1,1,3,12,0,2,10,5,4,2,2,8,0,1,9,11,4,1,2,6,0,0,1,5,8,2,1,1,0,0,4,9,4,4,1,0,0,0,4,2,4,4,1,1,0,0,3,3,1,4,0,1,0,0,0,0,0,0,0,0,0
157,2025-11-08 19:54:40.822,96,21,0,0,0,0,2,3,1,1,0,0,4,3,9,11,10,21,0,0,6,8,3,2,2,2,0,2,7,1,1,1,6,7,0,5,5,8,1,1,3,12,0,2,14,10,6,3,2,9,0,1,13,13,5,1,2,7,0,0,2,7,10,2,1,1,0,0,4,10,5,4,1,0,0,0,4,2,5,4,1,1,0,0,3,3,1,5,0,1,0,0,0,0,0,0,0,0,0
158,2025-11-08 19:54:40.830,96,21,0,0,0,0,3,4,1,1,0,0,5,3,9,11,10,21,0,0,6,8,3,2,2,2,0,3,7,1,1,1,6,7,0,5,6,8,1,1,4,12,0,2,15,13,7,3,2,9,0,1,14,17,8,1,3,7,0,0,2,11,15,4,1,1,0,0,4,12,8,6,2,0,0,0,4,2,7,4,1,1,0,0,3,3,1,5,0,1,0,0,0,0,0,0,0,0,0
159,2025-11-08 19:54:40.842,96,22,0,0,0,0,3,4,1,1,0,1,6,3,9,11,10,21,0,1,7,9,3,2,2,4,0,3,8,3,1,1,6,8,0,6,7,10,1,1,4,13,0,2,18,17,8,4,2,10,0,1,16,21,12,1,3,7,0,0,2,15,22,6,1,1,0,0,4,14,14,10,3,0,0,0,4,3,9,4,1,1,0,0,3,3,1,5,0,1,0,0,0,0,0,0,0,0,0
160,2025-11-08 19:54:40.852,96,26,0,0,0,0,3,4,1,1,0,1,6,3,9,11,10,22,0,1,8,9,3,2,2,4,0,4,8,3,1,1,6,8,0,6,8,11,1,1,4,13,0,2,19,19,9,4,2,10,0,1,16,22,14,2,3,7,0,0,2,17,26,8,1,1,0,0,4,16,18,12,3,0,0,0,4,3,10,4,1,1,0,0,3,3,1,5,0,1,0,0,0,0,0,0,0,0,0
161,2025-11-08 19:54:40.874,96,34,0,0,0,0,3,4,1,1,0,1,6,3,9,11,10,22,0,1,8,10,3,2,2,5,0,5,8,4,1,1,6,8,0,7,9,12,2,1,4,14,0,2,21,21,11,4,2,10,0,1,16,26,18,4,4,7,0,0,3,23,34,14,1,1,0,0,4,20,26,17,4,0,0,0,4,3,12,4,0,1,0,0,3,3,1,5,0,1,0,0,0,0,0,0,0,0,0
162,2025-11-08 19:54:40.885,96,38,0,0,0,0,4,4,2,1,0,1,7,3,9,11,10,22,0,1,9,11,3,2,2,5,0,6,8,4,1,1,6,9,0,7,10,13,2,1,4,14,0,2,22,22,12,4,2,10,0,1,16,28,20,5,4,7,0,0,3,26,38,17,1,1,0,0,4,22,30,19,5,0,0,0,4,3,13,4,0,1,0,0,3,3,1,5,0,1,0,0,0,0,0,0,0,0,0
163,2025-11-08 19:54:40.895,96,46,0,0,0,0,4,5,2,1,0,1,7,3,9,11,10,22,0,1,9,11,3,2,2,6,0,6,9,4,1,1,6,10,0,7,11,13,2,1,4,14,0,2,22,24,14,6,2,11,0,1,16,32,24,9,5,7,0,0,5,32,46,23,3,1,0,0,4,26,36,23,6,0,0,0,4,4,15,4,0,1,0,0,3,3,1,5,0,1,0,0,0,0,0,0,0,0,0
164,2025-11-08 19:54:40.904,96,49,0,0,0,0,4,5,2,1,0,1,7,3,9,11,10,22,0,1,10,11,3,3,2,6,0,7,9,5,1,1,6,11,0,7,12,13,2,1,4,14,0,2,22,25,15,7,2,11,0,1,16,34,27,11,6,7,0,0,6,35,49,26,4,1,0,0,4,28,38,25,7,0,0,0,4,4,16,4,0,1,0,0,3,3,1,6,0,1,0,0,0,0,0,0,0,0,0
165,2025-11-08 19:54:40.915,96,55,0,0,0,0,4,6,2,1,0,1,8,3,9,11,10,22,0,1,11,12,3,3,2,6,0,8,10,5,1,1,7,12,0,7,12,13,3,1,4,15,0,2,23,27,19,9,3,11,0,1,18,39,32,15,7,7,0,0,9,40,55,32,5,1,0,0,5,32,42,29,7,0,0,0,4,4,17,4,0,1,0,0,3,3,1,7,0,1,0,0,0,0,0,0,0,0,0
166,2025-11-08 19:54:40.926,96,58,0,0,0,0,4,6,2,1,0,1,8,3,9,11,11,22,0,1,11,12,3,3,2,7,0,8,11,6,1,1,7,13,0,7,12,13,3,1,4,16,0,2,24,28,20,10,3,12,0,1,20,41,35,17,8,7,0,0,11,42,58,35,6,1,0,0,6,33,43,30,7,0,0,0,4,4,17,4,0,1,0,0,3,3,2,7,0,1,0,0,0,0,0,0,0,0,0
167,2025-11-08 19:54:40.938,96,62,0,0,0,0,4,6,3,1,0,1,9,3,9,11,11,22,0,1,11,13,4,4,3,7,0,9,13,6,1,1,7,13,0,7,12,14,3,1,4,17,0,2,26,30,23,14,4,12,0,1,24,46,40,21,10,7,0,0,15,48,62,39,7,1,0,0,7,35,45,32,8,0,0,0,4,4,17,4,0,1,0,0,3,3,2,8,0,1,0,0,0,0,0,0,0,0,0
168,2025-11-08 19:54:40.950,96,64,0,0,0,0,5,6,3,1,0,1,9,3,10,11,11,23,0,1,11,13,4,5,4,8,0,9,13,6,1,1,8,13,0,7,12,15,3,1,4,17,0,2,27,30,25,15,4,12,0,1,26,48,42,23,11,7,0,0,17,51,64,41,7,1,0,0,8,36,45,32,9,0,0,0,4,5,17,4,0,1,0,0,3,4,2,8,0,1,0,0,0,0,0,0,0,0,0
169,2025-11-08 19:54:40.960,96,67,0,0,0,1,5,6,4,1,0,1,9,3,10,11,11,24,0,1,13,15,5,5,5,8,0,9,14,6,1,1,9,13,0,7,12,16,5,1,5,18,0,2,29,32,29,18,5,13,0,1,30,52,46,27,13,8,0,0,21,55,67,44,8,1,0,0,10,38,45,32,9,0,0,0,4,5,17,4,0,1,0,0,3,4,2,8,0,1,0,0,0,0,0,0,0,0,0
170,2025-11-08 19:54:40.971,96,68,0,0,0,1,5,6,4,1,0,1,9,3,10,11,11,25,0,1,13,15,6,6,6,9,0,9,14,7,2,1,9,13,0,7,12,17,6,1,5,18,0,2,30,33,31,20,6,13,0,1,32,54,49,29,14,8,0,0,24,57,68,45,8,1,0,0,11,38,45,32,9,0,0,0,4,5,17,4,0,1,0,0,3,5,2,8,0,1,0,0,0,0,0,0,0,0,0
171,2025-11-08 19:54:40.981,96,71,0,0,0,1,6,7,4,1,0,1,10,3,12,11,11,25,0,1,14,16,7,6,7,9,0,10,15,8,3,1,10,14,0,7,13,17,8,1,5,19,0,2,32,36,37,24,7,14,0,1,38,59,53,34,15,9,0,0,28,60,71,47,8,1,0,0,14,38,45,32,9,0,0,0,4,5,17,4,0,1,0,0,3,6,2,8,0,1,0,0,0,0,0,0,0,0,0
172,2025-11-08 19:54:40.992,96,72,0,0,0,1,6,7,5,1,0,1,10,3,12,11,11,26,0,1,14,16,7,6,8,10,0,10,15,8,3,1,10,14,0,7,14,18,9,1,6,19,0,2,33,38,40,26,8,14,0,1,40,61,55,36,16,9,0,0,30,61,72,48,9,1,0,0,15,38,45,32,9,0,0,0,4,5,17,4,0,1,0,0,3,6,2,8,0,1,0,0,0,0,0,0,0,0,0
173,2025-11-08 19:54:41.001,96,74,0,0,0,1,6,7,5,1,0,1,11,3,12,11,12,26,0,1,14,16,8,7,9,10,0,10,17,9,4,1,12,15,0,7,15,19,13,3,6,20,0,2,37,42,46,30,10,14,0,1,44,65,59,40,18,9,0,0,34,64,74,51,9,1,0,0,17,38,45,32,9,0,0,0,4,5,16,4,0,1,0,0,3,7,2,8,0,1,0,0,0,0,0,0,0,0,0
174,2025-11-08 19:54:41.013,96,75,0,0,0,1,6,7,5,1,0,1,11,3,12,12,13,27,0,1,14,16,8,8,9,10,0,10,18,10,4,1,12,15,0,7,16,20,14,5,7,20,0,2,39,44,49,32,11,14,0,2,46,67,61,43,19,9,0,1,36,65,75,52,10,1,0,0,18,38,44,32,9,0,0,0,4,5,15,4,0,1,0,0,3,8,2,8,0,1,0,0,0,0,0,0,0,0,0
175,2025-11-08 19:54:41.024,96,76,0,0,0,1,6,8,5,1,0,1,12,3,12,13,15,28,0,1,14,16,8,8,9,10,0,11,20,11,4,1,13,15,0,7,18,22,17,8,8,20,0,4,42,48,53,36,13,14,0,4,50,71,65,47,21,10,0,1,38,67,76,54,10,1,0,0,18,37,43,32,9,0,0,0,4,5,15,4,0,1,0,0,3,9,2,9,0,1,0,0,0,0,0,0,0,0,0
176,2025-11-08 19:54:41.045,96,76,0,0,0,1,6,8,5,1,0,1,13,3,12,13,15,28,0,1,14,16,8,8,9,10,0,11,20,12,5,1,14,16,0,7,19,23,18,10,8,21,0,5,44,50,55,38,14,14,0,6,52,73,66,49,22,11,0,1,39,68,76,55,10,1,0,0,18,37,43,32,9,0,0,0,4,5,15,4,0,1,0,0,4,9,1,9,0,1,0,0,0,0,0,0,0,0,0
177,2025-11-08 19:54:41.056,96,77,0,0,0,1,6,8,5,1,0,1,15,4,12,14,16,29,0,2,14,16,8,8,10,11,0,11,21,12,7,1,14,16,0,9,21,25,21,12,9,21,0,7,47,54,60,42,16,14,0,9,56,76,68,53,23,11,0,1,41,70,77,57,12,1,0,0,18,37,43,32,9,0,0,0,4,5,15,4,0,1,0,0,5,10,1,9,0,1,0,0,0,0,0,0,0,0,0
178,2025-11-08 19:54:41.066,96,78,0,0,0,1,7,8,5,1,0,1,17,4,12,14,16,29,0,3,14,17,8,8,10,11,0,11,21,13,8,2,15,16,0,10,22,27,23,14,9,22,0,8,49,57,62,44,17,14,0,10,58,78,69,55,24,12,0,2,42,71,78,58,12,1,0,0,19,37,43,32,9,0,0,0,4,5,15,4,0,1,0,0,5,10,1,10,0,1,0,0,0,0,0,0,0,0,0
179,2025-11-08 19:54:41.076,96,80,0,0,0,1,7,8,6,1,0,1,17,5,12,15,18,29,0,5,14,17,8,9,11,11,0,12,21,15,9,3,16,17,0,12,24,32,27,17,10,22,0,12,52,61,66,48,19,14,0,14,62,80,71,59,26,13,0,3,44,72,79,59,13,2,0,0,19,37,43,32,9,0,0,0,4,5,15,4,0,1,0,0,5,10,1,10,0,2,0,0,0,0,0,0,0,0,0
180,2025-11-08 19:54:41.087,96,82,0,0,0,1,7,8,7,2,0,2,17,5,12,16,19,29,0,6,15,17,8,9,11,11,0,13,21,15,10,4,16,17,0,13,25,35,30,19,11,23,0,14,54,63,68,50,20,15,0,16,64,82,72,60,26,13,0,4,45,72,80,60,13,2,0,0,19,37,43,32,9,0,0,0,4,5,15,4,0,1,0,0,5,11,1,10,0,2,0,0,0,0,0,0,0,0,0
181,2025-11-08 19:54:41.097,96,84,0,0,0,1,7,8,7,2,0,2,17,5,12,17,19,29,0,6,16,18,8,10,12,11,0,14,23,16,11,6,17,18,0,15,28,41,35,21,13,23,0,20,58,67,72,54,23,15,0,21,67,84,74,62,28,14,0,6,48,73,80,60,13,2,0,0,20,37,43,32,9,0,0,0,4,5,15,4,0,1,0,0,5,11,1,10,0,2,0,0,0,0,0,0,0,0,0
182,2025-11-08 19:54:41.110,96,85,0,0,0,1,7,8,7,2,0,2,18,6,12,18,20,30,0,6,17,18,9,10,12,11,0,15,24,17,11,7,17,18,0,16,30,43,37,23,14,24,0,23,60,68,74,56,25,16,0,24,69,85,75,64,29,14,0,7,49,73,80,60,13,2,0,0,20,37,43,32,9,0,0,0,4,5,15,4,0,1,0,0,5,11,1,10,0,2,0,0,0,0,0,0,0,0,0
183,2025-11-08 19:54:41.120,96,87,0,0,0,1,7,8,7,2,0,2,18,6,13,18,20,30,0,6,18,19,9,11,12,12,0,16,26,19,13,9,18,18,0,18,34,48,41,27,16,25,0,28,64,71,78,60,28,18,0,29,71,87,77,68,31,15,0,9,51,73,82,61,14,3,0,1,20,37,43,32,9,0,0,0,4,6,15,4,0,1,0,0,5,11,1,10,0,2,0,0,0,0,0,0,0,0,0
184,2025-11-08 19:54:41.130,96,88,0,0,0,1,7,9,7,2,0,2,19,7,15,19,21,31,0,6,18,19,10,12,13,12,0,16,27,20,14,10,19,19,0,19,36,51,43,30,17,25,0,30,66,73,80,63,30,19,0,31,72,88,78,70,32,15,0,9,52,74,83,62,15,3,0,1,20,37,43,32,9,0,0,0,5,7,15,4,0,1,0,0,5,11,1,10,0,2,0,0,0,0,0,0,0,0,0
185,2025-11-08 19:54:41.139,96,90,0,0,0,1,7,9,7,2,0,3,19,7,15,19,21,32,0,7,19,20,12,14,13,13,0,17,30,24,16,14,21,20,0,22,40,56,49,36,19,27,0,34,68,75,84,69,34,19,0,34,74,90,81,73,35,15,0,10,54,74,84,63,16,3,0,0,20,37,43,32,8,0,0,0,5,7,15,4,0,1,0,0,5,12,1,10,0,2,0,0,0,0,0,0,0,0,0
186,2025-11-08 19:54:41.151,96,91,0,0,0,1,7,10,7,2,0,3,19,8,16,20,22,33,0,7,20,21,12,15,13,13,0,18,31,26,18,16,22,20,0,24,42,58,52,39,20,28,0,36,70,76,86,72,36,20,0,35,75,91,82,74,36,15,0,10,55,75,85,64,16,3,0,0,20,37,43,32,8,0,0,0,5,8,15,4,0,1,0,0,5,13,1,10,0,2,0,0,0,0,0,0,0,0,0
187,2025-11-08 19:54:41.162,96,93,0,0,0,1,8,10,7,2,0,3,19,9,16,20,23,34,0,7,22,22,14,17,13,14,0,18,34,30,22,20,24,21,0,27,48,64,59,46,23,30,0,40,73,79,89,77,40,21,0,37,77,93,84,77,39,16,0,10,55,75,85,64,16,3,0,0,18,37,43,30,7,0,0,0,5,8,14,4,1,1,0,0,5,14,1,10,0,2,0,0,0,0,0,0,0,0,0
188,2025-11-08 19:54:41.174,96,94,0,0,0,1,8,10,7,2,0,4,19,11,17,21,23,35,0,7,22,23,15,18,14,14,0,19,36,32,24,22,25,22,0,28,50,66,62,50,25,30,0,42,75,80,90,79,42,22,0,38,78,94,85,79,41,17,0,10,55,75,85,65,16,3,0,0,17,37,42,29,7,0,0,0,5,8,13,4,1,1,0,0,5,15,1,10,0,2,0,0,0,0,0,0,0,0,0
189,2025-11-08 19:54:41.184,96,96,0,0,1,1,9,11,7,2,0,4,19,12,18,21,23,36,0,8,23,24,16,20,15,15,0,19,39,36,28,26,29,24,0,30,54,71,68,57,28,32,1,45,77,83,92,83,47,24,0,40,80,96,87,82,45,18,0,10,55,76,85,65,16,3,0,0,15,37,40,29,7,0,0,0,6,8,13,4,1,1,0,0,5,15,1,10,0,2,0,0,0,0,0,0,0,0,0
190,2025-11-08 19:54:41.196,96,97,0,0,1,3,10,11,7,3,0,5,20,14,20,23,23,37,0,8,24,26,17,21,16,16,0,20,41,39,31,29,31,24,0,31,56,73,71,60,30,33,1,46,79,85,93,85,49,24,0,41,81,97,88,83,47,18,0,10,55,76,86,65,16,3,0,0,15,37,39,29,7,0,0,0,6,8,13,4,1,1,0,0,5,15,1,10,1,2,0,0,0,0,0,0,0,0,0
191,2025-11-08 19:54:41.214,96,98,0,0,1,4,11,12,8,3,0,6,20,15,21,24,23,37,0,9,25,27,21,24,17,17,0,22,45,43,37,35,34,25,0,34,61,77,76,66,34,35,1,49,83,88,96,89,54,26,0,43,82,98,89,86,50,19,0,11,55,76,86,65,16,3,0,0,15,37,38,29,7,0,0,0,6,8,13,4,2,1,0,0,5,15,1,9,1,2,0,0,0,0,0,0,0,0,0
192,2025-11-08 19:54:41.224,96,99,0,0,1,5,13,13,9,3,0,6,21,17,23,26,24,37,1,9,25,31,26,28,18,19,0,22,47,46,40,37,36,25,0,36,64,79,78,69,36,36,1,51,85,89,97,91,56,27,0,44,83,99,90,87,52,19,0,11,54,77,86,66,16,3,0,0,15,37,38,29,7,0,0,0,6,8,13,4,2,1,0,0,5,15,1,9,1,3,0,0,0,0,0,0,0,0,0
193,2025-11-08 19:54:41.235,96,100,0,0,1,6,14,14,10,3,0,7,21,18,24,27,24,37,1,9,26,33,28,30,19,20,1,24,51,51,46,43,40,27,0,40,69,83,82,75,42,38,1,54,88,92,100,95,61,29,0,45,85,99,92,89,56,20,0,11,52,78,86,66,16,3,0,0,15,35,38,29,7,0,0,0,6,8,13,4,2,1,0,0,5,15,1,9,1,3,0,0,0,0,0,0,0,0,0
194,2025-11-08 19:54:41.246,96,101,0,0,1,6,16,15,11,4,0,7,22,20,26,30,25,37,1,10,26,36,32,33,20,21,1,26,55,57,49,45,42,28,0,42,71,85,84,78,44,39,1,55,89,93,101,97,63,30,0,45,85,99,93,90,58,21,0,11,51,78,86,66,16,3,0,0,15,34,37,29,7,0,0,0,6,8,13,5,2,1,0,0,5,15,1,9,1,3,0,0,0,0,0,0,0,0,0
195,2025-11-08 19:54:41.257,96,103,0,0,1,6,17,16,11,4,0,7,23,21,27,31,25,38,1,10,27,38,34,35,21,21,1,27,57,59,55,50,46,30,0,45,75,88,87,84,48,43,1,57,91,95,103,99,67,32,0,45,86,100,95,93,62,23,0,11,51,79,87,67,16,3,0,0,15,33,36,28,7,0,0,0,6,8,13,5,3,1,0,0,5,15,1,9,1,3,0,0,0,0,0,0,0,0,0
196,2025-11-08 19:54:41.267,96,104,0,0,1,7,18,18,12,5,0,7,25,23,29,33,26,39,1,11,29,42,39,39,23,21,0,28,59,61,58,53,48,31,0,47,77,89,88,86,50,44,1,58,92,96,104,100,69,33,0,46,87,101,96,94,63,24,0,11,51,79,87,67,17,3,0,0,15,33,36,28,7,0,0,0,6,8,13,5,3,1,0,0,5,15,1,9,1,3,0,0,0,0,0,0,0,0,0
197,2025-11-08 19:54:41.278,96,106,0,0,1,7,19,18,12,5,0,7,25,23,30,34,27,40,1,11,30,44,42,40,24,23,0,30,63,66,64,58,52,33,1,49,81,92,92,90,56,48,2,60,94,99,106,102,74,36,0,46,88,102,98,96,67,26,0,11,51,80,88,69,19,3,0,0,15,33,34,28,7,0,0,0,6,8,13,5,3,2,0,0,6,15,1,9,3,3,0,0,0,0,0,0,0,0,0
198,2025-11-08 19:54:41.289,96,107,0,0,1,8,20,19,13,6,0,7,26,24,32,36,28,40,0,12,31,46,45,42,25,23,0,31,65,69,67,60,54,34,1,50,83,93,94,92,58,50,2,61,95,100,107,103,77,38,0,47,88,103,99,97,69,27,0,11,51,80,89,70,20,4,0,0,15,32,33,28,7,0,0,0,6,8,13,5,3,2,0,0,6,15,1,9,4,3,0,0,0,0,0,0,0,0,0
199,2025-11-08 19:54:41.299,96,109,0,0,1,9,20,20,13,6,0,7,26,25,33,37,29,40,0,13,34,50,51,46,29,25,0,33,69,74,71,66,58,36,1,52,85,95,96,96,62,54,2,63,97,102,109,105,81,42,0,47,89,104,100,99,73,29,0,11,50,80,89,72,22,4,0,0,14,31,31,28,7,0,0,0,6,8,13,5,3,4,0,0,6,15,1,9,4,3,0,0,0,0,0,0,0,0,0
200,2025-11-08 19:54:41.309,96,110,0,0,1,10,22,21,13,6,0,7,27,26,34,38,29,40,0,14,35,52,54,48,30,26,0,34,71,76,73,69,60,38,1,54,86,96,97,97,64,56,3,63,98,103,110,106,83,44,0,47,89,105,100,100,75,30,0,11,49,80,89,72,23,5,0,0,14,31,30,28,7,0,0,0,6,8,13,5,3,4,0,0,6,15,1,9,5,3,0,0,0,0,0,0,0,0,0
201,2025-11-08 19:54:41.320,96,111,0,0,1,10,23,22,13,6,0,7,27,27,36,40,31,41,1,16,39,56,60,52,33,28,0,36,73,80,77,73,64,42,1,56,88,98,99,99,70,60,3,64,99,105,111,108,87,48,0,48,89,106,101,102,78,32,0,11,49,80,89,72,25,6,0,0,14,30,28,28,7,0,0,0,6,8,13,5,3,6,0,0,6,16,1,9,6,3,0,0,0,0,0,0,0,0,0
202,2025-11-08 19:54:41.340,96,112,0,0,1,10,24,24,14,6,0,7,27,28,37,41,32,42,1,17,41,58,63,54,34,29,0,37,75,82,79,75,66,44,1,57,89,99,100,100,72,62,4,65,99,105,112,109,89,49,0,48,89,106,101,103,79,33,0,11,49,80,89,72,27,7,0,0,14,30,28,28,7,0,0,0,6,8,13,5,3,7,0,0,6,16,1,9,7,3,0,0,0,0,0,0,0,0,0
203,2025-11-08 19:54:41.351,96,114,0,0,1,10,24,24,14,6,0,7,29,30,40,43,34,44,1,18,45,62,69,57,36,31,1,39,77,86,82,78,70,48,2,59,91,101,102,102,77,66,6,66,101,107,114,111,92,51,0,49,90,107,102,104,82,35,0,11,49,80,90,73,30,7,0,0,14,30,28,28,7,0,0,0,6,8,12,5,3,8,0,0,6,17,1,10,8,3,0,0,0,0,0,0,0,0,0
204,2025-11-08 19:54:41.361,96,115,0,0,1,10,25,24,14,7,0,7,30,31,41,44,35,44,1,18,47,63,72,58,37,32,1,40,78,87,83,80,72,50,2,60,92,101,103,103,79,68,7,67,101,108,115,111,93,52,0,50,91,107,103,105,83,37,0,11,49,80,91,74,32,8,0,0,14,30,28,28,7,0,0,0,6,8,12,5,3,8,0,0,6,18,1,10,9,3,0,0,0,0,0,0,0,0,0
205,2025-11-08 19:54:41.372,96,116,0,0,1,10,25,25,15,7,0,7,32,33,44,46,37,45,1,19,50,66,76,61,40,34,1,42,80,89,86,82,75,53,2,62,94,103,105,104,83,71,7,67,102,109,116,112,96,54,0,50,92,108,104,106,86,39,0,11,49,80,92,76,34,8,0,0,14,30,28,28,7,0,0,0,6,8,11,5,3,9,0,0,6,19,1,10,10,3,0,0,0,0,0,0,0,0,0
206,2025-11-08 19:54:41.382,96,116,0,0,1,10,25,25,15,8,0,7,32,34,45,47,38,45,1,20,51,68,78,63,42,35,1,43,81,90,87,84,77,54,2,63,94,103,106,105,85,73,8,68,103,109,116,113,97,55,0,50,92,108,105,106,87,41,0,11,49,80,93,76,36,8,0,0,14,29,28,28,7,0,0,0,6,8,11,5,3,9,0,0,6,19,1,10,11,3,0,0,0,0,0,0,0,0,0
207,2025-11-08 19:54:41.393,96,117,0,0,1,11,27,26,16,8,0,7,33,36,49,49,40,45,1,22,54,70,82,67,45,37,1,45,83,92,90,87,80,57,4,65,95,104,107,107,89,76,9,68,104,110,117,114,99,57,0,50,93,108,106,108,89,43,0,11,49,80,94,76,39,10,0,0,14,28,28,28,8,0,0,0,7,8,11,5,3,9,0,0,6,19,1,10,11,3,0,0,0,0,0,0,0,0,0
208,2025-11-08 19:54:41.402,96,118,0,0,1,11,27,26,17,8,0,7,33,37,50,50,42,45,1,23,55,72,84,69,47,38,2,46,84,93,91,89,82,59,5,65,96,104,108,108,91,77,10,69,104,110,118,115,100,58,0,50,94,108,106,109,90,45,0,11,49,80,94,76,40,10,0,0,14,27,28,28,9,0,0,0,7,8,11,6,4,9,0,0,6,19,1,10,11,3,0,0,0,0,0,0,0,0,0
209,2025-11-08 19:54:41.412,96,119,0,0,1,11,29,28,18,8,0,7,35,39,54,52,44,47,1,25,59,74,88,73,51,40,3,48,88,95,93,91,86,63,7,66,97,105,109,110,94,81,12,70,105,110,119,116,102,61,0,50,95,109,107,111,92,49,0,11,49,80,96,78,43,12,0,0,14,27,28,28,9,0,0,0,8,8,11,8,4,9,0,0,6,19,2,11,11,4,0,0,0,0,0,0,0,0,0
210,2025-11-08 19:54:41.423,96,120,0,0,1,11,29,29,19,8,0,7,36,40,56,54,45,48,2,25,61,76,90,75,53,41,4,49,89,95,94,92,88,65,9,66,98,106,109,111,96,83,13,71,105,111,120,117,104,63,0,50,95,109,108,111,93,51,0,11,49,80,96,79,44,13,0,0,14,26,28,28,10,0,0,0,8,8,11,9,4,9,0,0,6,19,2,12,11,4,0,0,0,0,0,0,0,0,0
211,2025-11-08 19:54:41.434,96,121,0,0,1,11,31,31,21,8,0,7,38,42,59,58,47,49,2,26,64,79,93,79,57,45,5,50,91,97,96,94,92,69,11,66,99,106,110,111,99,87,15,71,106,111,121,117,106,67,0,50,95,109,109,112,96,55,0,10,48,80,97,80,48,15,0,0,14,24,28,28,10,0,0,0,8,8,11,10,4,9,0,0,6,19,2,12,11,5,0,0,0,0,0,0,0,0,0
212,2025-11-08 19:54:41.443,96,121,0,0,1,12,32,32,22,8,0,7,38,43,61,60,48,50,2,26,66,81,95,81,59,47,6,51,92,98,97,95,94,71,12,67,99,107,111,112,101,89,16,71,106,112,121,118,107,69,0,50,95,110,109,113,97,57,0,9,47,80,97,80,49,16,0,0,14,23,28,28,11,0,0,0,8,8,11,10,4,10,0,0,6,19,2,12,12,5,0,0,0,0,0,0,0,0,0
213,2025-11-08 19:54:41.466,96,122,0,0,1,12,34,34,24,8,0,7,39,46,65,63,50,52,3,27,69,85,98,85,62,51,7,52,94,100,99,97,96,75,14,67,101,108,113,113,103,93,18,71,107,114,122,119,109,73,0,48,95,111,110,114,99,61,0,7,46,80,97,80,51,18,0,0,14,22,28,28,12,0,0,0,8,8,11,11,4,12,0,0,6,19,3,12,13,6,0,0,0,0,0,0,0,0,0
214,2025-11-08 19:54:41.476,96,123,0,0,1,13,35,35,25,8,0,8,40,48,67,64,51,53,4,28,70,86,100,87,64,53,8,52,95,101,100,98,97,77,15,67,101,109,114,114,104,95,19,71,107,114,123,119,110,74,0,48,95,111,110,115,100,63,0,7,45,80,97,81,52,19,0,0,14,22,28,28,12,0,0,0,8,8,11,11,4,12,0,0,6,19,3,12,14,6,0,0,0,0,0,0,0,0,0
215,2025-11-08 19:54:41.486,96,123,0,0,1,15,37,37,27,8,0,9,42,52,71,68,53,55,5,30,73,89,102,90,68,57,10,54,97,103,102,100,99,81,16,68,102,110,115,115,106,97,21,73,108,116,123,120,112,77,1,48,95,112,111,116,102,67,0,7,45,80,97,83,54,21,0,0,14,22,28,28,13,0,0,0,8,8,11,11,4,12,0,0,6,19,3,12,15,7,0,0,0,0,0,0,0,0,0
216,2025-11-08 19:54:41.496,96,124,0,0,1,16,38,38,28,9,0,10,44,54,73,70,54,55,6,31,75,91,103,92,70,59,11,55,98,104,103,101,100,83,17,69,103,111,116,116,107,99,22,74,109,116,124,121,113,78,1,48,96,113,111,116,103,69,0,7,44,80,97,83,55,22,0,0,14,22,28,28,13,0,0,0,8,8,11,11,4,12,0,0,6,19,3,12,15,7,0,0,0,0,0,0,0,0,0
217,2025-11-08 19:54:41.507,96,125,0,0,1,18,42,40,30,10,0,12,47,59,77,74,58,57,8,32,79,95,106,95,74,64,13,57,100,106,106,103,103,87,19,70,105,111,117,117,110,103,24,75,111,117,125,122,115,82,1,48,96,113,112,117,105,73,0,7,42,80,97,83,57,24,0,0,13,22,28,28,14,1,0,0,9,8,11,11,4,13,0,0,6,19,4,12,17,7,0,0,0,0,0,0,0,0,0
218,2025-11-08 19:54:41.517,96,126,0,0,1,19,44,41,31,11,0,13,49,62,79,77,60,58,9,33,81,96,107,96,77,67,14,58,101,107,107,104,105,89,20,71,105,112,118,118,111,105,25,75,111,117,126,122,116,84,2,48,96,113,112,117,106,75,0,7,41,80,97,83,57,25,0,0,13,22,28,28,14,1,0,0,9,8,11,11,4,13,0,0,6,19,4,13,18,7,0,0,0,0,0,0,0,0,0
219,2025-11-08 19:54:41.528,96,126,0,0,1,21,47,45,33,11,0,15,53,68,83,81,64,62,11,34,83,98,109,98,81,73,18,60,102,109,109,106,108,94,23,71,106,112,118,118,114,108,28,75,111,118,126,123,118,88,4,45,96,113,112,117,106,78,0,5,37,78,93,83,57,26,0,0,12,20,28,28,14,1,0,0,10,8,11,11,5,14,0,0,6,19,4,13,18,7,0,0,0,0,0,0,0,0,0
220,2025-11-08 19:54:41.539,96,126,0,0,1,23,49,46,34,12,0,16,55,71,85,83,66,64,12,35,84,99,110,99,83,76,20,60,103,109,110,107,109,96,25,72,106,112,118,119,115,110,29,75,112,118,126,124,119,90,6,44,96,113,112,117,106,79,0,5,36,76,91,83,57,26,0,0,12,19,28,27,14,1,0,0,10,8,11,11,5,14,0,0,6,19,4,13,20,7,0,0,0,0,0,0,0,0,0
221,2025-11-08 19:54:41.550,96,126,0,0,1,27,53,49,36,12,0,18,59,75,89,88,70,68,14,37,86,102,112,101,87,81,24,62,105,110,110,109,111,100,29,73,107,113,119,119,117,112,31,75,112,119,126,124,119,91,7,43,96,113,112,117,106,79,0,4,35,75,89,82,57,26,0,0,12,19,27,26,14,1,0,0,10,8,11,11,5,14,0,0,6,19,4,13,20,7,0,0,0,0,0,0,0,0,0
222,2025-11-08 19:54:41.561,96,126,0,0,1,29,54,50,37,13,0,19,61,77,91,90,71,70,15,38,88,103,113,102,89,83,25,62,106,111,110,109,112,102,31,74,108,113,119,120,117,113,32,75,113,119,126,125,120,93,9,41,96,113,112,118,107,79,0,3,33,73,85,81,57,26,0,0,12,17,25,24,14,1,0,0,10,8,11,11,5,14,0,0,6,19,4,14,21,7,0,0,0,0,0,0,0,0,0
223,2025-11-08 19:54:41.572,96,126,0,0,2,33,57,54,39,15,0,21,63,81,95,94,75,74,16,40,90,105,115,105,91,87,29,63,107,112,112,111,113,103,32,74,108,114,119,120,118,114,33,75,113,119,126,126,120,94,10,40,96,113,112,118,107,80,0,3,33,72,83,81,57,26,0,0,12,16,25,23,14,1,0,0,10,8,11,11,5,14,0,0,6,19,4,14,21,7,0,0,0,0,0,0,0,0,0
224,2025-11-08 19:54:41.583,96,127,0,0,3,36,59,56,41,16,0,22,64,83,97,96,77,76,17,41,91,106,116,106,93,89,30,64,108,112,112,111,114,105,36,75,109,114,121,121,119,116,35,75,113,120,127,126,121,96,12,39,96,112,112,118,107,81,0,1,31,70,81,79,56,26,0,0,12,15,24,21,14,1,0,0,11,8,11,12,5,14,0,0,6,19,5,15,21,7,0,0,0,0,0,0,0,0,0
225,2025-11-08 19:54:41.593,96,127,0,0,4,41,63,60,44,17,0,24,67,85,101,98,79,78,17,42,92,107,118,107,94,91,32,64,109,112,113,111,115,106,37,75,109,114,121,121,119,117,36,75,113,120,127,126,121,96,13,38,95,111,112,118,107,81,0,1,30,68,80,77,54,26,0,0,12,14,23,20,14,1,0,0,11,8,11,13,5,14,0,0,6,19,5,15,21,7,0,0,0,0,0,0,0,0,0
226,2025-11-08 19:54:41.614,96,128,0,0,4,43,65,62,46,18,0,25,69,86,103,100,83,82,19,44,94,108,120,109,96,95,35,65,110,113,114,112,116,108,39,75,110,115,122,122,120,118,38,75,114,121,128,126,122,97,15,34,92,109,111,118,107,81,0,1,28,64,76,73,50,26,0,0,12,14,23,19,14,1,0,0,11,8,11,13,5,14,0,0,6,19,6,15,21,7,0,0,0,0,0,0,0,0,0
227,2025-11-08 19:54:41.623,96,128,0,0,5,45,66,63,48,18,0,26,70,87,104,101,85,84,20,45,95,108,121,110,97,96,36,66,110,113,114,112,116,109,41,75,110,115,122,122,120,119,39,75,114,121,128,127,122,98,16,33,91,108,110,118,108,81,0,1,27,62,75,72,48,26,0,0,12,14,23,18,14,1,0,0,11,8,11,13,5,15,0,0,6,19,6,15,21,7,0,0,1,0,0,0,0,0,0
228,2025-11-08 19:54:41.632,96,128,0,0,7,49,70,65,51,19,0,27,73,90,107,104,89,87,22,47,97,109,122,110,99,98,40,66,111,114,115,113,117,111,44,76,110,116,123,122,121,120,41,75,114,121,128,127,123,99,18,31,88,107,110,118,109,81,0,1,25,59,73,71,45,26,0,0,12,14,23,17,14,1,0,0,11,8,11,13,5,15,0,0,6,20,6,15,21,7,0,0,1,0,0,0,0,0,0
229,2025-11-08 19:54:41.644,96,129,0,0,8,50,71,67,53,20,0,28,74,91,108,105,91,89,23,48,98,110,122,111,100,100,42,67,112,115,116,113,118,112,46,77,110,116,123,123,122,121,43,75,114,121,129,128,124,100,19,29,88,107,110,118,110,82,0,1,24,58,72,71,45,26,0,0,12,14,23,17,14,1,0,0,11,8,11,13,5,15,0,0,6,20,6,15,21,7,0,0,1,0,0,0,0,0,0
230,2025-11-08 19:54:41.654,96,129,0,0,9,54,74,70,56,24,0,29,76,93,110,107,95,93,25,48,99,111,123,112,102,104,46,67,113,115,116,114,120,114,49,77,110,116,123,123,123,123,47,74,115,122,129,128,125,101,24,27,87,106,110,118,111,84,0,0,22,55,71,70,45,28,0,0,12,14,23,15,14,1,0,0,11,8,11,13,5,15,0,0,6,20,6,15,21,7,0,0,1,0,0,0,0,0,0
231,2025-11-08 19:54:41.665,96,129,0,0,10,55,75,72,58,26,0,29,77,94,111,108,97,95,26,48,99,111,123,112,103,105,48,67,113,115,116,114,120,115,50,77,110,116,123,124,124,123,49,73,115,122,129,128,126,102,27,25,87,106,110,118,112,85,0,0,22,54,70,69,45,29,0,0,12,14,22,15,14,1,0,1,11,8,11,13,5,15,0,0,6,20,6,15,21,7,0,0,1,0,0,0,0,0,0
232,2025-11-08 19:54:41.674,96,129,0,0,10,58,77,74,60,29,1,29,79,96,112,110,99,98,28,48,100,111,123,113,105,108,52,67,114,116,116,114,121,117,53,77,110,116,123,124,124,125,53,70,115,122,129,128,127,104,31,22,85,104,109,118,113,87,0,0,20,50,68,66,45,31,0,0,12,14,22,15,14,1,0,1,11,8,11,14,5,15,0,0,6,20,6,15,21,7,0,0,1,0,0,0,0,0,0
233,2025-11-08 19:54:41.684,96,129,0,0,10,59,78,75,61,30,1,29,79,96,113,110,100,99,30,48,100,112,124,113,105,109,53,67,114,116,116,114,121,118,55,77,111,116,123,124,124,126,55,68,115,122,129,128,127,105,33,20,84,103,108,118,113,88,0,0,19,48,67,65,45,32,0,0,12,14,21,15,14,1,0,1,11,8,11,14,5,15,0,0,6,20,6,15,21,7,0,0,1,0,0,0,0,0,0
234,2025-11-08 19:54:41.696,96,129,0,0,10,61,80,77,63,31,1,29,80,97,114,111,102,101,32,48,100,112,125,114,105,111,55,67,114,116,117,114,121,120,57,77,111,116,123,124,124,127,57,66,115,122,129,128,127,106,36,19,83,101,107,118,114,90,1,0,18,44,63,64,45,33,0,0,12,14,21,15,14,1,0,1,12,8,11,14,6,15,0,0,6,20,7,15,21,7,0,0,1,0,0,0,0,0,0
235,2025-11-08 19:54:41.716,96,129,0,0,10,62,82,78,64,32,1,29,80,98,115,111,103,102,33,48,100,112,125,114,106,112,56,67,114,116,118,114,121,120,58,77,111,116,124,124,124,128,58,65,115,122,129,128,127,107,38,18,83,100,107,118,114,91,1,0,18,43,62,64,46,33,0,0,12,14,21,15,14,1,0,1,12,8,12,14,6,15,0,0,6,20,7,15,21,7,0,0,1,0,0,0,0,0,0
236,2025-11-08 19:54:41.727,96,129,0,0,10,63,84,80,66,33,1,29,81,99,115,112,104,104,35,48,100,112,125,114,106,114,58,67,114,116,118,114,121,122,60,77,111,117,124,124,124,129,60,64,114,122,129,128,127,108,40,18,82,100,106,118,114,93,1,0,18,43,59,64,47,34,0,0,12,14,21,15,14,2,0,1,12,8,12,14,6,15,0,0,6,20,7,15,21,8,0,0,1,0,0,0,0,0,0
237,2025-11-08 19:54:41.737,96,129,0,0,10,64,85,81,67,33,1,29,81,100,115,113,105,105,36,48,100,112,125,115,106,115,59,67,114,116,118,115,121,122,61,76,111,117,124,124,124,129,61,64,114,122,129,128,127,109,42,18,82,99,106,118,114,94,1,0,18,43,58,64,47,35,0,0,12,14,21,15,13,3,0,1,12,8,12,14,6,15,0,0,6,21,7,15,21,8,0,0,1,0,0,0,0,0,0
238,2025-11-08 19:54:41.747,96,130,0,0,10,66,87,83,69,34,2,29,82,100,116,114,106,107,38,48,100,112,125,116,107,117,61,67,114,117,118,115,121,123,63,75,111,118,124,125,124,130,63,63,114,122,129,129,127,110,45,18,82,99,105,118,114,95,1,0,17,43,56,64,47,36,0,0,12,14,21,14,13,4,0,1,13,8,13,14,6,15,0,1,6,21,8,15,21,8,0,0,1,0,0,0,0,0,0
239,2025-11-08 19:54:41.759,96,130,0,0,10,67,88,84,70,34,2,29,82,100,116,114,106,108,39,48,100,112,125,116,107,117,62,67,114,117,118,116,121,124,64,75,111,118,124,125,124,130,64,62,114,122,129,129,127,111,47,17,82,98,105,118,114,96,1,0,17,42,55,64,47,36,0,0,12,14,21,14,13,4,0,1,13,8,13,14,6,15,0,1,6,21,8,15,21,8,0,0,1,0,0,0,0,0,0
240,2025-11-08 19:54:41.768,96,130,0,0,10,68,88,84,72,34,2,29,82,101,116,115,107,110,40,48,100,112,125,116,108,118,64,67,114,117,118,116,122,124,65,74,111,118,124,125,125,130,65,60,113,122,129,129,128,112,49,17,80,98,105,118,115,97,1,0,17,41,54,64,48,36,0,0,12,14,20,14,13,4,0,1,13,8,13,15,6,15,0,1,6,21,8,15,21,9,0,0,1,0,0,0,0,0,0
241,2025-11-08 19:54:41.778,96,130,0,0,10,69,88,85,73,34,2,29,83,101,116,115,108,110,41,48,100,112,125,116,108,118,65,67,114,117,118,116,122,124,66,74,111,118,124,125,125,130,66,60,113,122,129,129,128,112,50,17,80,98,105,118,115,98,1,0,17,41,53,64,49,36,0,0,12,14,20,14,13,4,0,1,13,8,13,15,6,15,0,1,6,21,8,15,21,9,0,0,1,0,0,0,0,0,0
242,2025-11-08 19:54:41.789,96,130,0,0,10,70,88,85,74,34,3,29,83,102,116,115,109,111,42,48,100,113,125,116,109,119,67,67,114,117,118,116,123,124,67,74,111,119,124,125,126,130,67,60,113,122,129,129,129,113,53,17,79,98,105,118,116,99,4,0,17,41,53,64,51,36,0,0,12,14,20,14,13,4,0,1,13,8,13,15,6,15,0,1,6,22,8,15,21,9,0,0,1,0,0,0,0,0,0
243,2025-11-08 19:54:41.800,96,131,0,0,10,70,88,85,75,34,3,29,83,102,116,115,109,111,42,48,100,114,125,117,110,119,68,67,114,118,118,116,123,125,67,74,111,119,124,125,126,131,68,60,113,122,129,129,129,113,54,17,79,98,105,118,116,99,6,0,17,41,53,64,52,37,0,0,12,14,20,14,13,4,0,1,13,8,13,15,6,15,0,1,6,22,8,15,21,9,0,0,1,0,0,0,0,0,0
244,2025-11-08 19:54:41.811,96,131,0,0,10,70,88,86,75,35,4,29,83,102,116,116,109,112,43,47,100,114,125,117,110,120,69,67,114,118,118,116,124,125,68,74,111,119,124,125,126,131,69,60,113,122,129,130,129,115,56,17,79,98,105,118,117,101,10,0,17,41,53,66,54,39,0,0,12,14,20,14,12,5,0,1,13,8,13,15,6,15,0,1,6,22,8,15,21,9,0,0,1,0,0,0,0,0,0
245,2025-11-08 19:54:41.821,96,132,0,0,10,70,88,86,75,35,4,29,83,102,117,116,109,112,44,46,100,115,125,117,110,120,69,67,114,118,118,116,124,126,69,74,112,120,124,125,126,132,69,60,113,122,130,130,129,115,57,17,79,98,105,118,117,101,12,0,17,42,53,67,55,40,0,0,12,15,20,14,12,5,0,1,13,8,13,15,6,15,0,1,6,22,8,15,21,9,0,0,1,0,0,0,0,0,0
246,2025-11-08 19:54:41.841,96,132,0,0,10,70,88,86,75,35,5,28,83,103,118,116,109,112,44,45,100,115,126,118,110,120,70,66,114,119,118,116,124,126,69,73,112,120,124,126,126,132,70,60,113,122,130,130,129,115,59,17,79,99,106,119,118,102,15,0,17,44,55,69,57,41,0,0,12,15,20,14,12,5,0,1,13,8,13,16,7,15,0,1,6,22,8,15,21,9,0,0,1,0,0,0,0,0,0
247,2025-11-08 19:54:41.851,96,132,0,0,10,70,88,86,75,35,6,28,83,103,118,116,109,112,45,44,100,115,126,118,110,120,70,66,114,119,118,116,124,126,70,73,112,120,124,126,126,132,70,60,113,122,131,130,129,116,60,17,79,100,107,120,118,102,16,0,17,45,56,70,58,42,0,0,12,15,20,14,12,5,0,1,13,8,13,16,7,15,0,1,6,21,8,16,21,9,0,0,1,0,0,0,0,0,0
248,2025-11-08 19:54:41.862,96,132,0,0,10,70,88,87,75,35,6,28,83,104,118,117,110,113,45,44,100,115,126,119,110,121,71,66,115,120,118,117,124,126,70,73,112,120,124,126,127,132,71,60,113,123,131,131,130,116,61,17,79,100,107,120,118,103,18,0,17,46,58,72,60,42,0,0,12,15,20,14,12,5,0,1,13,8,13,16,8,15,0,1,6,21,8,17,21,9,0,0,1,0,0,0,0,0,0
249,2025-11-08 19:54:41.874,96,133,0,0,10,70,88,87,75,35,6,28,83,104,118,117,110,113,45,44,100,115,126,119,110,121,71,66,115,120,118,117,124,127,70,73,112,120,124,126,127,133,71,60,113,123,131,131,130,116,61,17,79,100,107,120,119,104,19,0,17,46,58,72,60,43,0,0,12,15,20,14,12,5,0,1,13,8,13,16,8,15,0,1,6,21,8,17,22,9,0,0,1,0,0,0,0,0,0
250,2025-11-08 19:54:41.883,96,134,0,0,10,70,88,88,76,36,6,28,83,104,118,118,111,115,45,44,100,115,126,119,110,122,71,66,115,120,118,117,124,128,71,73,112,120,124,126,127,134,71,60,113,123,131,132,131,118,62,17,79,100,107,121,120,106,21,0,17,48,60,73,62,45,0,0,12,15,20,14,12,5,0,1,13,8,13,16,8,15,0,1,6,21,8,18,22,9,0,0,1,0,0,0,0,0,0
251,2025-11-08 19:54:41.894,96,135,0,0,10,70,89,88,77,36,6,28,83,104,118,118,111,115,45,44,100,116,126,119,111,122,72,66,116,120,118,117,125,129,71,73,112,120,124,126,128,135,71,60,113,123,131,132,131,118,63,17,79,101,107,121,121,107,22,0,17,49,61,74,63,46,0,0,12,15,20,15,12,5,0,1,13,8,13,16,8,15,0,1,6,21,8,18,22,9,0,0,1,0,0,0,0,0,0
252,2025-11-08 19:54:41.903,96,136,0,0,10,70,89,88,78,37,7,28,83,104,118,118,112,116,46,44,100,117,126,119,111,123,73,66,116,121,118,117,125,130,71,73,112,120,124,126,128,136,72,60,113,124,131,132,132,119,65,17,80,102,107,121,122,108,24,0,17,51,62,75,65,48,0,0,12,15,20,16,12,5,0,1,13,8,13,16,8,15,0,1,6,21,8,18,22,10,0,0,1,0,0,0,0,0,0
253,2025-11-08 19:54:41.915,96,136,0,0,10,70,89,88,78,38,7,28,83,104,118,118,112,116,46,44,100,117,127,119,111,123,73,66,116,121,118,117,125,130,71,73,112,120,124,126,128,136,72,60,113,125,131,132,132,119,66,17,81,102,107,121,122,108,25,0,17,52,63,75,66,49,0,0,12,15,20,16,12,5,0,1,13,8,13,16,8,15,0,1,6,21,8,18,22,10,0,0,1,0,0,0,0,0,0
254,2025-11-08 19:54:41.926,96,136,0,0,10,70,90,88,78,39,7,28,84,104,118,118,113,117,46,44,100,117,127,119,112,123,74,66,116,121,118,117,125,130,72,73,112,121,124,126,128,136,73,60,114,125,131,132,132,119,67,17,81,102,108,122,122,109,27,0,17,54,64,76,68,50,0,0,12,16,20,18,12,5,0,1,13,8,13,16,8,15,0,1,6,21,8,18,22,10,0,0,1,0,0,0,0,0,0
255,2025-11-08 19:54:41.937,96,136,0,0,10,70,90,88,78,39,7,28,84,104,118,118,113,117,46,44,100,117,127,119,112,123,74,66,116,121,118,117,125,130,72,73,113,121,124,126,128,136,73,60,114,125,131,132,132,119,67,17,82,103,108,122,123,109,28,0,17,54,65,77,69,51,0,0,12,16,20,18,12,5,0,1,13,8,13,16,8,15,0,1,6,21,8,18,22,10,0,0,1,0,0,0,0,0,0
256,2025-11-08 19:54:41.947,96,136,0,0,10,70,90,88,78,39,7,28,84,105,118,118,113,118,46,44,100,117,127,120,112,123,75,66,117,121,118,117,125,130,73,73,113,121,124,126,128,136,74,60,115,125,131,132,132,120,68,17,83,103,109,123,123,111,30,0,17,56,67,79,69,53,0,0,12,17,20,19,12,5,0,1,13,8,13,16,8,15,0,1,6,21,8,18,22,10,0,0,1,0,0,0,0,0,0
257,2025-11-08 19:54:41.957,96,137,0,0,10,70,90,88,78,39,7,28,84,105,118,118,113,118,46,44,100,117,127,120,112,124,75,66,117,121,118,117,125,131,73,73,113,121,125,126,128,137,74,60,115,125,131,132,132,120,69,17,84,103,109,123,123,111,31,0,17,57,68,79,70,54,0,0,12,17,20,19,12,5,0,1,13,8,13,16,8,15,0,1,6,21,8,18,22,10,0,0,1,0,0,0,0,0,0
258,2025-11-08 19:54:41.969,96,137,0,0,10,70,91,88,78,40,7,28,84,105,119,118,113,118,47,44,100,117,128,120,113,124,76,66,117,121,119,117,125,131,74,73,114,121,125,126,128,137,75,60,115,125,132,132,132,121,70,17,84,104,110,124,124,112,33,0,17,58,70,80,71,55,0,0,12,17,20,19,12,5,0,1,13,8,13,16,8,15,0,1,6,21,8,18,22,10,0,0,1,0,0,1,0,0,0
259,2025-11-08 19:54:41.989,96,137,0,0,10,70,91,88,79,40,7,28,84,105,119,118,114,118,47,44,100,117,128,120,113,124,76,66,117,121,119,117,125,131,74,73,114,121,125,126,128,137,75,60,115,125,132,132,132,121,70,17,85,104,111,124,124,113,34,0,17,59,71,80,72,56,0,0,12,17,20,19,12,6,0,1,13,8,13,16,8,15,0,1,6,21,8,18,22,10,0,0,1,0,0,1,0,0,0
260,2025-11-08 19:54:42.001,96,137,0,0,10,70,91,88,79,40,7,28,84,105,120,118,114,118,48,44,100,117,128,120,113,124,77,66,117,121,119,117,125,131,75,73,114,121,125,126,128,137,75,60,115,125,132,132,132,121,71,17,85,105,111,124,124,113,35,0,17,59,71,80,72,56,0,0,12,17,19,19,12,6,0,1,13,8,13,16,8,15,0,1,6,21,8,18,22,10,0,0,1,0,0,1,0,0,0
261,2025-11-08 19:54:42.011,96,137,0,0,10,70,91,88,80,40,7,28,84,105,120,118,114,118,48,44,100,117,128,121,114,124,77,66,117,121,119,117,126,131,75,73,114,121,125,127,129,137,75,60,115,125,132,132,132,121,71,17,85,105,111,124,125,113,35,0,17,59,71,81,72,56,0,0,12,17,19,19,12,6,0,1,13,8,13,16,8,15,0,1,6,21,8,18,22,10,0,0,1,0,0,1,0,0,0
262,2025-11-08 19:54:42.021,96,137,0,0,10,70,91,89,80,40,7,28,84,105,120,118,114,119,48,44,100,118,128,121,114,124,77,66,117,121,119,117,126,131,75,73,114,121,125,127,129,137,75,60,115,125,132,132,132,121,71,17,85,106,111,124,125,113,35,0,17,60,71,81,73,56,0,0,12,17,19,19,12,6,0,1,13,8,13,16,8,15,0,1,6,21,8,18,22,10,0,0,1,0,0,1,0,0,0
263,2025-11-08 19:54:42.032,96,137,0,0,10,70,91,89,80,40,7,28,84,105,120,118,114,119,48,44,100,118,128,121,114,124,77,66,117,121,119,117,126,131,75,73,114,121,125,127,129,137,75,60,115,126,132,132,132,121,71,17,85,106,111,124,125,113,35,0,17,60,71,81,73,56,0,0,12,17,19,19,12,6,0,1,13,8,13,16,8,15,0,1,6,21,8,18,22,10,0,0,1,0,0,1,0,0,0
264,2025-11-08 19:54:42.043,96,137,0,0,10,70,91,89,80,40,7,28,84,105,120,119,114,119,48,44,100,118,128,121,114,124,77,66,117,121,119,117,126,131,75,73,114,121,125,127,129,137,75,60,115,126,132,132,132,121,71,17,85,106,111,124,125,113,35,0,17,60,71,81,73,56,0,0,12,17,19,20,12,6,0,1,13,8,13,16,8,15,0,1,6,21,8,18,22,10,0,0,1,0,0,1,0,0,0
265,2025-11-08 19:54:42.054,96,137,0,0,10,70,91,89,80,40,7,28,84,105,120,119,114,119,48,44,100,118,128,121,114,124,77,66,117,121,119,117,126,131,75,73,114,121,125,127,129,137,75,60,115,126,132,132,132,121,71,17,85,106,111,124,125,113,34,0,17,60,71,81,73,56,0,0,12,17,19,20,12,6,0,1,13,8,13,16,8,15,0,1,6,21,8,18,22,10,0,0,1,0,0,1,0,0,0
266,2025-11-08 19:54:42.064,96,137,0,0,10,68,91,89,79,40,6,27,84,105,120,119,114,119,48,44,100,118,128,121,114,124,76,66,117,121,119,117,126,131,75,73,114,121,125,127,129,137,75,60,114,125,132,132,132,121,68,16,84,103,110,124,124,111,29,0,16,56,66,79,70,52,0,0,12,17,17,20,12,6,0,1,13,7,13,16,8,15,0,1,6,21,8,18,22,10,0,0,1,0,0,0,0,0,0
267,2025-11-08 19:54:42.075,96,137,0,0,10,65,90,88,76,37,1,27,84,105,120,119,114,118,47,44,100,118,128,121,113,123,74,66,117,120,119,117,126,131,74,72,114,121,125,127,129,137,74,59,113,124,132,132,132,120,65,14,82,101,109,122,122,109,24,0,15,53,63,75,67,49,0,0,12,17,16,19,12,6,0,1,13,7,13,16,8,15,0,1,6,21,8,18,22,10,0,0,1,0,0,0,0,0,0
268,2025-11-08 19:54:42.086,96,134,0,0,10,63,89,87,74,34,0,25,84,102,118,118,111,115,43,42,100,115,127,119,110,120,69,64,115,118,118,117,124,128,70,69,113,119,124,126,127,134,70,54,109,121,130,131,130,116,55,8,76,94,104,117,117,102,14,0,11,45,53,64,58,40,0,0,12,15,14,15,10,6,0,1,13,6,13,16,8,15,0,1,6,20,8,18,22,10,0,0,0,0,0,0,0,0,0
269,2025-11-08 19:54:42.097,96,132,0,0,9,57,84,82,72,31,0,24,83,100,116,117,109,113,40,41,99,113,126,117,108,118,65,62,113,116,116,116,123,126,67,67,111,117,123,125,126,132,66,50,106,118,128,129,128,113,47,6,72,89,100,113,113,96,1,0,9,40,47,57,52,34,0,0,12,14,13,14,9,6,0,1,13,6,13,16,8,14,0,0,6,19,8,18,21,10,0,0,0,0,0,0,0,0,0
270,2025-11-08 19:54:42.107,96,126,0,0,7,52,80,79,64,22,0,20,78,95,111,113,104,106,31,38,95,108,122,113,104,112,54,58,108,112,112,112,120,121,59,62,106,113,119,121,123,126,55,40,98,112,123,125,123,104,29,0,61,76,88,103,100,79,0,0,7,30,35,43,38,22,0,0,11,12,11,12,9,5,0,0,13,5,13,16,7,12,0,0,6,18,6,18,19,10,0,0,0,0,0,0,0,0,0
271,2025-11-08 19:54:42.118,96,123,0,0,5,46,76,74,58,17,0,17,75,92,108,110,100,101,25,36,92,105,119,111,101,108,47,56,105,109,110,110,118,118,52,58,103,110,117,119,121,123,47,35,94,109,120,123,120,99,20,0,55,69,82,97,92,69,0,0,6,26,29,36,32,16,0,0,11,11,11,11,9,4,0,0,12,5,13,16,7,12,0,0,6,18,6,18,18,10,0,0,0,0,0,0,0,0,0
272,2025-11-08 19:54:42.129,96,118,0,0,0,33,63,60,41,1,0,11,65,85,100,103,89,84,13,31,83,98,113,106,95,97,29,50,99,103,104,106,112,109,35,50,97,104,112,115,115,115,29,26,85,101,114,118,112,86,0,0,45,57,70,85,74,49,0,0,5,20,20,25,22,1,0,0,10,11,10,9,9,0,0,0,11,5,13,15,5,10,0,0,6,16,5,18,14,10,0,0,0,0,0,0,0,0,0
273,2025-11-08 19:54:42.150,96,115,0,0,0,26,55,51,32,0,0,1,58,80,95,97,81,71,0,28,78,94,109,103,91,88,21,47,95,100,101,104,109,103,26,46,94,101,109,113,111,109,21,22,80,96,110,115,107,77,0,0,41,52,64,79,64,39,0,0,5,18,17,21,19,0,0,0,9,10,10,9,9,0,0,0,11,5,13,14,4,9,0,0,6,16,4,18,12,9,0,0,0,0,0,0,0,0,0
274,2025-11-08 19:54:42.161,96,109,0,0,0,15,39,33,17,0,0,0,42,66,82,82,62,42,0,22,67,84,100,94,78,62,0,41,86,93,95,98,100,82,0,37,86,95,103,107,100,88,0,16,72,86,102,109,95,54,0,0,35,43,54,66,45,22,0,0,4,16,13,15,13,0,0,0,8,10,10,9,8,0,0,0,10,5,11,12,4,6,0,0,6,16,3,17,8,6,0,0,0,0,0,0,0,0,0
275,2025-11-08 19:54:42.171,96,104,0,0,0,1,26,21,0,0,0,0,25,48,63,61,38,0,0,14,54,73,87,79,56,35,0,32,81,88,91,94,93,67,0,32,81,92,100,104,92,73,0,13,67,81,98,104,86,41,0,0,32,40,49,58,36,1,0,0,4,15,11,12,10,0,0,0,8,9,9,9,7,0,0,0,10,5,10,11,3,5,0,0,6,15,3,15,7,5,0,0,0,0,0,0,0,0,0
276,2025-11-08 19:54:42.182,96,94,0,0,0,1,22,17,0,0,0,0,18,39,52,49,28,0,0,10,46,64,76,67,43,1,0,27,68,75,81,81,69,37,0,21,70,83,92,94,68,41,0,1,56,71,89,90,60,0,0,0,25,33,39,40,20,0,0,0,1,11,7,6,0,0,0,0,7,8,7,9,5,0,0,0,9,5,6,9,1,3,0,0,6,13,1,11,4,4,0,0,0,0,0,0,0,0,0
277,2025-11-08 19:54:42.193,96,77,0,0,0,1,16,11,0,0,0,0,10,22,32,28,0,1,0,0,29,41,48,39,0,0,0,16,49,57,60,55,39,0,0,12,53,70,77,70,38,0,0,1,44,59,72,62,32,0,0,0,18,24,26,22,0,0,0,0,1,8,0,0,0,0,0,0,6,8,5,7,0,0,0,0,9,5,4,5,0,3,0,0,6,10,1,8,0,4,0,0,0,0,0,0,0,0,0
278,2025-11-08 19:54:42.203,96,65,0,0,0,1,14,9,0,0,0,0,8,1,24,20,0,1,0,0,21,30,34,0,0,0,0,12,38,45,47,40,0,0,0,9,43,61,65,54,0,0,0,0,38,51,60,46,0,0,0,0,15,19,20,0,0,0,0,0,1,7,0,0,0,0,0,0,6,7,4,5,0,0,0,0,9,5,4,4,0,3,0,0,6,9,1,7,0,3,0,0,0,0,0,0,0,0,0
279,2025-11-08 19:54:42.213,96,37,0,0,0,0,9,1,0,0,0,1,8,1,13,0,0,1,0,0,11,0,0,0,0,0,0,0,20,0,0,0,0,0,0,1,23,37,37,0,0,0,0,0,25,32,33,0,0,0,0,0,9,10,0,0,0,0,0,0,0,4,0,0,0,0,0,0,5,6,1,0,0,0,0,0,8,5,4,1,0,1,0,0,6,8,1,6,0,1,0,0,0,0,0,0,0,0,0
280,2025-11-08 19:54:42.223,96,7,0,0,0,0,1,0,0,0,0,1,6,0,0,0,0,0,0,0,0,0,0,0,0,0,0,0,0,0,0,0,0,0,0,0,0,0,0,0,0,0,0,0,0,0,0,0,0,0,0,0,0,0,0,0,0,0,0,0,0,0,0,0,0,0,0,0,3,1,0,0,0,0,0,0,5,1,1,0,0,0,0,0,6,7,1,4,0,0,0,0,0,0,0,0,0,0,0
281,2025-11-08 19:54:42.236,96,4,0,0,0,0,0,0,0,0,0,0,0,0,0,0,0,0,0,0,0,0,0,0,0,0,0,0,0,0,0,0,0,0,0,0,0,0,0,0,0,0,0,0,0,0,0,0,0,0,0,0,0,0,0,0,0,0,0,0,0,0,0,0,0,0,0,0,0,0,0,0,0,0,0,0,0,0,0,0,0,0,0,0,4,1,0,0,0,0,0,0,0,0,0,0,0,0,0
282,2025-11-08 19:54:42.244,96,0,0,0,0,0,0,0,0,0,0,0,0,0,0,0,0,0,0,0,0,0,0,0,0,0,0,0,0,0,0,0,0,0,0,0,0,0,0,0,0,0,0,0,0,0,0,0,0,0,0,0,0,0,0,0,0,0,0,0,0,0,0,0,0,0,0,0,0,0,0,0,0,0,0,0,0,0,0,0,0,0,0,0,0,0,0,0,0,0,0,0,0,0,0,0,0,0,0
283,2025-11-08 19:54:42.256,96,1,0,0,0,0,0,0,0,0,0,0,0,0,0,0,0,0,0,0,0,0,0,0,0,0,0,0,0,0,0,0,0,0,0,0,0,0,0,0,0,0,0,0,0,0,0,0,0,0,0,0,0,0,0,0,0,0,0,0,0,0,0,0,0,0,0,0,0,0,0,0,0,0,0,0,0,0,0,0,0,0,0,0,1,0,0,0,0,0,0,0,0,0,0,0,0,0,0
284,2025-11-08 19:54:42.266,96,1,0,0,0,0,0,0,0,0,0,1,1,0,0,0,0,1,0,0,0,0,0,0,0,0,0,0,0,0,0,0,0,0,0,0,0,0,0,0,0,0,0,0,0,0,0,0,0,0,0,0,0,0,0,0,0,0,0,0,0,0,0,0,0,0,0,0,0,0,0,0,0,0,0,0,0,0,0,0,0,1,0,0,1,1,0,1,0,0,0,0,0,0,0,0,0,0,0
285,2025-11-08 19:54:42.277,96,1,0,0,0,0,0,0,0,0,0,1,1,0,0,0,0,1,0,0,0,0,0,0,0,0,0,0,0,0,0,0,0,0,0,0,0,0,0,0,0,0,0,0,0,0,0,0,0,0,0,0,0,0,0,0,0,0,0,0,0,0,0,0,0,0,0,0,0,0,0,0,0,0,0,0,1,0,1,0,0,1,0,0,1,1,0,1,0,1,0,0,0,0,0,0,0,0,0
286,2025-11-08 19:54:42.297,96,2,0,0,0,0,0,0,0,0,0,1,1,0,0,0,0,2,0,0,0,0,0,0,0,0,0,0,0,0,0,0,0,0,0,0,0,0,0,0,0,0,0,0,0,0,0,0,0,0,0,0,0,0,0,0,0,0,0,0,0,0,0,0,0,0,0,0,0,0,0,0,0,0,0,0,1,1,1,0,0,1,0,0,1,1,1,1,0,1,0,0,0,0,0,0,0,0,0
287,2025-11-08 19:54:42.309,96,4,0,0,0,0,0,0,0,0,0,1,2,0,0,0,0,4,0,0,1,0,0,0,0,0,0,0,0,0,0,0,0,0,0,0,0,0,0,0,0,0,0,0,0,0,0,0,0,0,0,0,0,0,0,0,0,0,0,0,0,0,0,0,0,0,0,0,0,0,0,1,0,0,0,0,1,1,1,1,0,1,0,0,1,1,1,1,0,1,0,0,0,0,0,0,0,0,0
288,2025-11-08 19:54:42.318,96,5,0,0,0,0,0,0,1,0,0,1,2,0,0,0,0,5,0,0,1,0,0,0,0,0,0,0,0,0,0,0,0,0,0,0,0,0,0,0,0,0,0,0,0,0,0,0,0,0,0,0,0,0,0,0,0,0,0,0,0,0,0,0,0,0,0,0,0,0,0,1,0,0,0,0,1,1,1,1,0,1,0,0,1,1,1,3,0,1,0,0,0,0,0,0,0,0,0
289,2025-11-08 19:54:42.330,96,6,0,0,0,0,0,0,1,0,0,1,2,0,0,0,1,6,0,0,1,0,0,0,0,0,0,1,0,0,0,0,0,0,0,0,0,0,0,0,0,0,0,0,0,0,0,0,0,0,0,0,0,0,0,0,0,0,0,0,0,0,0,0,0,0,0,0,0,0,0,1,0,0,0,0,1,1,1,1,0,1,0,0,1,1,1,4,0,1,0,0,0,0,0,0,0,0,0
290,2025-11-08 19:54:42.341,96,6,0,0,0,0,0,0,1,0,0,1,2,0,0,0,1,6,0,0,1,0,0,0,0,0,0,1,0,0,0,0,0,0,0,0,0,0,0,0,0,0,0,0,0,0,0,0,0,0,0,0,0,0,0,0,0,0,0,0,0,0,0,0,0,0,0,0,0,0,0,1,0,0,0,0,1,1,1,1,0,1,0,0,1,1,1,4,0,1,0,0,0,0,0,0,0,0,0
291,2025-11-08 19:54:42.351,96,6,0,0,0,0,0,0,1,0,0,1,2,0,0,0,1,6,0,0,1,0,0,0,0,0,0,1,0,0,0,0,0,0,0,0,0,0,0,0,0,0,0,0,0,0,0,0,0,0,0,0,0,0,0,0,0,0,0,0,0,0,0,0,0,0,0,0,0,0,0,1,0,0,0,0,1,1,1,1,0,1,0,0,1,1,1,4,0,1,0,0,0,0,0,0,0,0,0
292,2025-11-08 19:54:42.361,96,6,0,0,0,0,0,0,1,0,0,1,2,0,0,1,0,6,0,0,1,0,0,0,0,0,0,1,0,0,0,0,0,0,0,0,0,0,0,0,0,0,0,0,0,0,0,0,0,0,0,0,0,0,0,0,0,0,0,0,0,0,0,0,0,0,0,0,0,0,0,1,0,0,0,0,1,1,1,1,0,1,0,0,1,2,1,4,0,1,0,0,0,0,0,0,0,0,0
293,2025-11-08 19:54:42.371,96,6,0,0,0,0,0,0,1,0,0,1,2,0,0,0,0,6,0,0,1,0,0,0,0,0,0,1,0,0,0,0,0,0,0,0,0,0,0,0,0,0,0,0,0,0,0,0,0,0,0,0,0,0,0,0,0,0,0,0,0,0,0,0,0,0,0,0,0,0,0,1,0,0,0,0,1,1,1,1,0,1,0,0,1,2,1,4,0,1,0,0,0,0,0,0,0,0,0
294,2025-11-08 19:54:42.382,96,6,0,0,0,0,0,0,1,0,0,1,2,0,0,0,0,6,0,0,1,0,0,0,0,0,0,1,0,0,0,0,0,0,0,0,0,0,0,0,0,0,0,0,0,0,0,0,0,0,0,0,0,0,0,0,0,0,0,0,0,0,0,0,0,0,0,0,0,0,0,1,0,0,0,0,1,2,1,1,0,1,0,0,1,2,0,4,0,1,0,0,0,0,0,0,0,0,0
295,2025-11-08 19:54:42.392,96,6,0,0,0,0,0,0,1,0,0,1,2,0,0,0,0,6,0,0,1,0,0,0,0,0,0,1,0,0,0,0,0,0,0,0,0,0,0,0,0,0,0,0,0,0,0,0,0,0,0,0,0,0,0,0,0,0,0,0,0,0,0,0,0,0,0,0,0,0,0,1,0,0,0,0,1,2,1,1,0,1,0,0,1,2,0,4,0,1,0,0,0,0,0,0,0,0,0
296,2025-11-08 19:54:42.402,96,6,0,0,0,0,0,0,1,0,0,1,2,0,0,0,0,6,0,0,1,0,0,0,0,0,0,1,0,0,0,0,0,0,0,0,0,0,0,0,0,0,0,0,0,0,0,0,0,0,0,0,0,0,0,0,0,0,0,0,0,0,0,0,0,0,0,0,0,0,0,1,0,0,0,0,1,2,1,1,0,1,0,0,1,2,0,4,0,1,0,0,0,0,0,0,0,0,0
297,2025-11-08 19:54:42.415,96,6,0,0,0,0,0,0,1,0,0,1,2,0,0,0,0,6,0,1,1,0,0,0,0,0,0,1,0,0,0,0,0,0,0,0,0,0,0,0,0,0,0,0,0,0,0,0,0,0,0,0,0,0,0,0,0,0,0,0,0,0,0,0,0,0,0,0,0,0,0,1,0,0,0,0,1,2,1,1,0,1,0,0,1,2,1,4,0,1,0,0,0,0,0,0,0,0,0
298,2025-11-08 19:54:42.434,96,6,0,0,0,0,0,0,1,0,0,1,2,0,0,0,0,6,0,0,1,0,0,0,0,0,0,1,0,0,0,0,0,0,0,0,0,0,0,0,0,0,0,0,0,0,0,0,0,0,0,0,0,0,0,0,0,0,0,0,0,0,0,0,0,0,0,0,0,0,0,1,0,0,0,0,1,2,1,1,0,1,0,0,1,1,1,4,0,1,0,0,0,0,0,0,0,0,0
299,2025-11-08 19:54:42.446,96,6,0,0,0,0,0,0,0,0,0,1,2,0,0,0,0,6,0,0,1,0,0,0,0,0,0,1,0,0,0,0,0,0,0,0,0,0,0,0,0,0,0,0,0,0,0,0,0,0,0,0,0,0,0,0,0,0,0,0,0,0,0,0,0,0,0,0,0,0,0,1,0,0,0,0,1,2,1,1,0,1,0,0,1,1,1,4,0,1,0,0,0,0,0,0,0,0,0
300,2025-11-08 19:54:42.456,96,6,0,0,0,0,0,0,0,0,0,1,2,0,0,0,0,6,0,0,1,0,0,0,0,0,0,1,0,0,0,0,0,0,0,0,0,0,0,0,0,0,0,0,0,0,0,0,0,0,0,0,0,0,0,0,0,0,0,0,0,0,0,0,0,0,0,0,0,0,0,1,0,0,0,0,1,2,1,1,0,0,0,0,1,1,1,4,0,0,0,0,0,0,0,0,0,0,0
301,2025-11-08 19:54:42.467,96,5,0,0,0,0,0,0,0,0,0,0,2,0,0,0,0,5,0,0,1,0,0,0,0,0,0,1,0,0,0,0,0,0,0,0,0,0,0,0,0,0,0,0,0,0,0,0,0,0,0,0,0,0,0,0,0,0,0,0,0,0,0,0,0,0,0,0,0,0,0,1,0,0,0,0,1,2,1,1,0,0,0,0,0,0,0,4,0,0,0,0,0,0,0,0,0,0,0
302,2025-11-08 19:54:42.476,96,5,0,0,0,0,0,0,0,0,0,0,1,0,0,0,0,5,0,0,1,0,0,0,0,0,0,1,0,0,0,0,0,0,0,0,0,0,0,0,0,0,0,0,0,0,0,0,0,0,0,0,0,0,0,0,0,0,0,0,0,0,0,0,0,0,0,0,0,0,0,1,0,0,0,0,1,2,1,1,0,0,0,0,0,0,0,3,0,0,0,0,0,0,0,0,0,0,0
303,2025-11-08 19:54:42.487,96,4,0,0,0,0,0,0,0,0,0,0,1,0,0,0,0,4,0,0,1,0,0,0,0,0,0,1,0,0,0,0,0,0,0,0,0,0,0,0,0,0,0,0,0,0,0,0,0,0,0,0,0,0,0,0,0,0,0,0,0,0,0,0,0,0,0,0,0,0,0,1,0,0,0,0,0,0,1,1,0,0,0,0,0,0,0,1,0,0,0,0,0,0,0,0,0,0,0
304,2025-11-08 19:54:42.499,96,4,0,0,0,0,0,0,0,0,0,0,1,0,0,0,0,4,0,0,1,0,0,0,0,0,0,1,0,0,0,0,0,0,0,0,0,0,0,0,0,0,0,0,0,0,0,0,0,0,0,0,0,0,0,0,0,0,0,0,0,0,0,0,0,0,0,0,0,0,0,1,0,0,0,0,0,0,0,1,0,0,0,0,0,0,0,1,0,0,0,0,0,0,0,0,0,0,0
305,2025-11-08 19:54:42.509,96,4,0,0,0,0,0,0,0,0,0,0,1,0,0,0,0,4,0,0,1,0,0,0,0,0,0,0,0,0,0,0,0,0,0,0,0,0,0,0,0,0,0,0,0,0,0,0,0,0,0,0,0,0,0,0,0,0,0,0,0,0,0,0,0,0,0,0,0,0,0,1,0,0,0,0,0,0,0,1,0,0,0,0,0,0,0,0,0,0,0,0,0,0,0,0,0,0,0
306,2025-11-08 19:54:42.520,96,4,0,0,0,0,0,0,0,0,0,0,1,0,0,0,1,4,0,0,2,1,0,0,0,0,0,0,0,0,0,0,0,0,0,0,0,0,0,0,0,0,0,0,0,0,0,0,0,0,0,0,0,0,0,0,0,0,0,0,0,0,0,0,0,0,0,0,0,0,0,1,0,0,0,0,0,0,0,1,0,0,0,0,0,0,0,0,0,0,0,0,0,0,0,0,0,0,0
307,2025-11-08 19:54:42.530,96,4,0,0,0,0,0,0,0,0,0,0,1,1,0,0,1,4,0,0,2,1,0,0,0,0,0,0,0,0,0,0,0,0,0,0,0,0,0,0,0,0,0,0,0,0,0,0,0,0,0,0,0,0,0,0,0,0,0,0,0,0,0,0,0,0,0,0,0,0,0,1,0,0,0,0,0,0,0,0,0,0,0,0,0,0,0,0,0,0,0,0,0,0,0,0,0,0,0
308,2025-11-08 19:54:42.541,96,4,0,0,0,0,0,0,0,0,0,0,1,1,0,0,1,4,0,0,2,1,0,0,0,0,0,0,0,0,0,0,0,0,0,0,0,0,0,0,0,0,0,0,0,0,0,0,0,0,0,0,0,0,0,0,0,0,0,0,0,0,0,0,0,0,0,0,0,0,0,0,0,0,0,0,0,0,0,0,0,0,0,0,0,0,0,0,0,0,0,0,0,0,0,0,0,0,0
309,2025-11-08 19:54:42.551,96,4,0,0,0,0,0,0,0,0,0,0,1,0,0,0,1,4,0,0,2,1,0,0,0,0,0,0,0,0,0,0,0,0,0,0,0,0,0,0,0,0,0,0,0,0,0,0,0,0,0,0,0,0,0,0,0,0,0,0,0,0,0,0,0,0,0,0,0,0,0,0,0,0,0,0,0,0,0,0,0,0,0,0,0,0,0,0,0,0,0,0,0,0,0,0,0,0,0
310,2025-11-08 19:54:42.563,96,3,0,0,0,0,0,0,0,0,0,0,1,0,0,0,1,3,0,0,2,1,0,0,0,0,0,0,0,0,0,0,0,0,0,0,0,0,0,0,0,0,0,0,0,0,0,0,0,0,0,0,0,0,0,0,0,0,0,0,0,0,0,0,0,0,0,0,0,0,0,0,0,0,0,0,0,0,0,0,0,0,0,0,0,0,0,0,0,0,0,0,0,0,0,0,0,0,0
311,2025-11-08 19:54:42.573,96,3,0,0,0,0,0,0,0,0,0,0,1,0,0,0,1,3,0,0,2,1,0,0,0,0,0,0,0,0,0,0,0,0,0,0,0,0,0,0,0,0,0,0,0,0,0,0,0,0,0,0,0,0,0,0,0,0,0,0,0,0,0,0,0,0,0,0,0,0,0,0,0,0,0,0,0,0,0,0,0,0,0,0,0,0,0,0,0,0,0,0,0,0,0,0,0,0,0
312,2025-11-08 19:54:42.584,96,2,0,0,0,0,0,0,0,0,0,0,1,0,0,1,1,1,0,0,2,1,0,0,0,0,0,0,0,0,0,0,0,0,0,0,0,0,0,0,0,0,0,0,0,0,0,0,0,0,0,0,0,0,0,0,0,0,0,0,0,0,0,0,0,0,0,0,0,0,0,1,0,0,0,0,0,0,0,0,0,0,0,0,0,0,0,0,0,0,0,0,0,0,0,0,0,0,0
313,2025-11-08 19:54:42.604,96,2,0,0,0,0,0,0,0,0,0,0,0,0,0,1,1,1,0,0,2,1,0,0,0,0,0,0,0,0,0,0,0,0,0,0,0,0,0,0,0,0,0,0,0,0,0,0,0,0,0,0,0,0,0,0,0,0,0,0,0,0,0,0,0,0,0,0,0,0,0,1,0,0,0,0,0,0,0,0,0,0,0,0,0,0,0,0,0,0,0,0,0,0,0,0,0,0,0
314,2025-11-08 19:54:42.618,96,2,0,0,0,0,0,0,0,0,0,0,0,0,0,1,1,1,0,0,2,1,0,0,0,0,0,0,0,0,0,0,0,0,0,0,0,0,0,0,0,0,0,0,0,0,0,0,0,0,0,0,0,0,0,0,0,0,0,0,0,0,0,0,0,0,0,0,0,0,0,0,0,0,0,0,0,0,0,0,0,0,0,0,0,0,0,0,0,0,0,0,0,0,0,0,0,0,0
315,2025-11-08 19:54:42.626,96,2,0,0,0,0,0,0,0,0,0,0,0,0,0,1,1,0,0,0,2,1,0,0,0,0,0,0,0,0,0,0,0,0,0,0,0,0,0,0,0,0,0,0,0,0,0,0,0,0,0,0,0,0,0,0,0,0,0,0,0,0,0,0,0,0,0,0,0,0,0,0,0,0,0,0,0,0,0,0,0,0,0,0,0,0,0,0,0,0,0,0,0,0,0,0,0,0,0
316,2025-11-08 19:54:42.636,96,2,0,0,0,0,0,0,0,0,0,0,0,0,0,1,1,0,0,0,2,1,0,1,0,0,0,0,0,0,0,0,0,0,0,0,0,0,0,0,0,0,0,0,0,0,0,0,0,0,0,0,0,0,0,0,0,0,0,0,0,0,0,0,0,0,0,0,0,0,0,0,0,0,0,0,0,0,0,0,0,0,0,0,0,0,0,0,0,0,0,0,0,0,0,0,0,0,0
317,2025-11-08 19:54:42.647,96,1,0,0,0,0,0,0,0,0,0,0,0,0,0,1,0,0,0,0,1,1,0,1,0,0,0,0,0,0,0,0,0,0,0,0,0,0,0,0,0,0,0,0,0,0,0,0,0,0,0,0,0,0,0,0,0,0,0,0,0,0,0,0,0,0,0,0,0,0,0,0,0,0,0,0,0,0,0,0,0,0,0,0,0,0,0,0,0,0,0,0,0,0,0,0,0,0,0
318,2025-11-08 19:54:42.658,96,1,0,0,0,0,0,0,0,0,0,0,0,0,0,0,0,0,0,0,1,1,0,1,0,0,0,0,0,0,0,0,0,0,0,0,0,0,0,0,0,0,0,0,0,0,0,0,0,0,0,0,0,0,0,0,0,0,0,0,0,0,0,0,0,0,0,0,0,0,0,0,0,0,0,0,0,0,0,0,0,0,0,0,0,0,0,0,0,0,0,0,0,0,0,0,0,0,0
319,2025-11-08 19:54:42.668,96,1,0,0,0,0,0,0,0,0,0,0,0,0,0,0,0,0,0,0,1,1,0,1,0,0,0,0,0,0,0,0,0,0,0,0,0,0,0,0,0,0,0,0,0,0,0,0,0,0,0,0,0,0,0,0,0,0,0,0,0,0,0,0,0,0,0,0,0,0,0,0,0,0,0,0,0,0,0,1,0,0,0,0,0,0,0,0,0,0,0,0,0,0,0,0,0,0,0
320,2025-11-08 19:54:42.678,96,1,0,0,0,0,0,0,0,0,0,0,0,0,0,0,0,0,0,0,1,1,0,0,0,0,0,0,0,0,0,0,0,0,0,0,0,0,0,0,0,0,0,0,0,0,0,0,0,0,0,0,0,0,0,0,0,0,0,0,0,0,0,0,0,0,0,0,0,0,0,0,0,0,0,0,0,0,0,1,0,0,0,0,0,0,0,0,0,0,0,0,0,0,0,0,0,0,0
321,2025-11-08 19:54:42.690,96,1,0,0,0,0,0,0,0,0,0,0,0,0,0,0,0,0,0,0,1,1,0,0,0,0,0,0,0,0,0,0,0,0,0,0,0,0,0,0,0,0,0,0,0,0,0,0,0,0,0,0,0,0,0,0,0,0,0,0,0,0,0,0,0,0,0,0,0,0,0,0,0,0,0,0,0,0,1,1,0,0,0,0,0,0,0,0,0,0,0,0,0,0,0,0,0,0,0
322,2025-11-08 19:54:42.700,96,1,0,0,0,0,0,0,0,0,0,0,0,0,0,0,0,0,0,0,0,1,0,0,0,0,0,0,0,0,0,0,0,0,0,0,0,0,0,0,0,0,0,0,0,0,0,0,0,0,0,0,0,0,0,0,0,0,0,0,0,0,0,0,0,0,0,0,0,0,0,0,0,0,0,0,0,0,1,1,0,0,0,0,0,0,0,0,0,0,0,0,0,0,0,0,0,0,0
323,2025-11-08 19:54:42.712,96,1,0,0,0,0,0,0,0,0,0,0,0,0,0,0,0,0,0,0,0,1,0,0,0,0,0,0,0,0,0,0,0,0,0,0,0,0,0,0,0,0,0,0,0,0,0,0,0,0,0,0,0,0,0,0,0,0,0,0,0,0,0,0,0,0,0,0,0,0,0,0,0,0,0,0,0,0,1,1,0,0,0,0,0,0,0,0,0,0,0,0,0,0,0,0,0,0,0
324,2025-11-08 19:54:42.723,96,1,0,0,0,0,0,0,0,0,0,0,0,0,0,0,0,0,0,0,0,1,0,0,0,0,0,0,0,0,0,0,0,0,0,0,0,0,0,0,0,0,0,0,0,0,0,0,0,0,0,0,0,0,0,0,0,0,0,0,0,0,0,0,0,0,0,0,0,0,0,0,0,0,0,0,0,0,1,1,0,0,0,0,0,0,0,0,0,0,0,0,0,0,0,0,0,0,0
325,2025-11-08 19:54:42.733,96,1,0,0,0,0,0,0,0,0,0,0,0,0,0,0,0,0,0,0,0,1,0,0,0,0,0,0,0,0,0,0,0,0,0,0,0,0,0,0,0,0,0,0,0,0,0,0,0,0,0,0,0,0,0,0,0,0,0,0,0,0,0,0,0,0,0,0,0,0,0,1,0,0,0,0,0,0,1,1,0,0,0,0,0,0,0,0,0,0,0,0,0,0,0,0,0,0,0
326,2025-11-08 19:54:42.743,96,1,0,0,0,0,0,0,0,0,0,0,0,0,0,0,0,0,0,0,0,1,0,0,0,0,0,0,0,0,0,0,0,0,0,0,0,0,0,0,0,0,0,0,0,0,0,0,0,0,0,0,0,0,0,0,0,0,0,0,0,0,0,0,0,0,0,0,0,0,0,1,0,0,0,0,0,0,1,1,0,0,0,0,0,0,0,0,0,0,0,0,0,0,0,0,0,0,0
327,2025-11-08 19:54:42.756,96,1,0,0,0,0,0,0,0,0,0,0,0,0,0,0,0,0,0,0,0,1,0,0,0,0,0,0,0,0,0,0,0,0,0,0,0,0,0,0,0,0,0,0,0,0,0,0,0,0,0,0,0,0,0,0,0,0,0,0,0,0,0,0,0,0,0,0,0,0,0,1,0,0,0,0,0,0,1,1,0,0,0,0,0,0,0,0,0,0,0,0,0,0,0,0,0,0,0
328,2025-11-08 19:54:42.776,96,1,0,0,0,0,0,0,0,0,0,0,0,0,0,0,0,0,0,0,0,1,0,0,0,0,0,0,0,0,0,0,0,0,0,0,0,0,0,0,0,0,0,0,0,0,0,0,0,0,0,0,0,0,0,0,0,0,0,0,0,0,0,0,0,0,0,0,0,0,1,1,0,0,0,0,0,0,1,1,0,0,0,0,0,0,0,0,0,0,0,0,0,0,0,0,0,0,0
329,2025-11-08 19:54:42.787,96,1,0,0,0,0,0,0,0,0,0,0,0,0,0,0,0,0,0,0,0,1,0,0,0,0,0,0,0,0,0,0,0,0,0,0,0,0,0,0,0,0,0,0,0,0,0,0,0,0,0,0,0,0,0,0,0,0,0,0,0,0,0,0,0,0,0,0,0,0,1,1,0,0,0,0,0,0,1,1,0,0,0,0,0,0,0,0,0,0,0,0,0,0,0,0,0,0,0
330,2025-11-08 19:54:42.797,96,1,0,0,0,0,0,0,0,0,0,0,0,0,0,0,0,0,0,0,0,1,0,0,0,0,0,0,0,0,0,0,0,0,0,0,0,0,0,0,0,0,0,0,0,0,0,0,0,0,0,0,0,0,0,0,0,0,0,0,0,0,0,0,0,0,0,0,0,0,1,1,0,0,0,0,0,0,1,1,0,0,0,0,0,0,0,0,0,0,0,0,0,0,0,0,0,0,0
331,2025-11-08 19:54:42.808,96,1,0,0,0,0,0,0,0,0,0,0,0,0,0,0,0,0,0,0,0,1,0,0,0,0,0,0,0,0,0,0,0,0,0,0,0,0,0,0,0,0,0,0,0,0,0,0,0,0,0,0,0,0,0,0,0,0,0,0,0,0,0,0,0,0,0,0,0,0,1,1,0,0,0,0,0,0,1,1,0,0,0,0,0,0,0,0,0,0,0,0,0,0,0,0,0,0,0
332,2025-11-08 19:54:42.819,96,1,0,0,0,0,0,0,0,0,0,0,0,0,0,0,0,0,0,0,0,1,0,0,0,0,0,0,0,0,0,0,0,0,0,0,0,0,0,0,0,0,0,0,0,0,0,0,0,0,0,0,0,0,0,0,0,0,0,0,0,0,0,0,0,0,0,0,0,0,1,1,0,0,0,0,0,0,1,1,0,0,0,0,0,0,0,0,0,0,0,0,0,0,0,0,0,0,0
333,2025-11-08 19:54:42.829,96,1,0,0,0,0,0,0,0,0,0,0,0,0,0,0,0,0,0,0,0,1,0,0,0,0,0,0,0,0,0,0,0,0,0,0,0,0,0,0,0,0,0,0,0,0,0,0,0,0,0,0,0,0,0,0,0,0,0,0,0,0,0,0,0,0,0,0,0,0,1,1,0,0,0,0,0,0,1,1,0,0,0,0,0,0,0,0,0,0,0,0,0,0,0,0,0,0,0
334,2025-11-08 19:54:42.838,96,1,0,0,0,0,0,0,0,0,0,0,0,0,0,0,0,0,0,0,0,1,0,0,0,0,0,0,0,1,0,0,0,0,0,0,0,0,0,0,0,0,0,0,0,0,0,0,0,0,0,0,0,0,0,0,0,0,0,0,0,0,0,0,0,0,0,0,0,0,1,1,0,0,0,0,0,0,1,1,0,0,0,0,0,0,0,0,0,0,0,0,0,0,0,0,0,0,0
335,2025-11-08 19:54:42.850,96,1,0,0,0,0,0,0,0,0,0,0,0,0,0,0,0,0,0,0,0,1,0,0,0,0,0,0,0,1,0,0,0,0,0,0,0,0,0,0,0,0,0,0,0,0,0,0,0,0,0,0,0,0,0,0,0,0,0,0,0,0,0,0,0,0,0,0,0,0,1,1,0,0,0,0,0,0,1,1,0,0,0,0,0,0,0,0,0,0,0,0,0,0,0,0,0,0,0
336,2025-11-08 19:54:42.861,96,1,0,0,0,0,0,0,0,0,0,0,0,0,0,0,0,0,0,0,0,1,0,0,0,0,0,0,0,1,0,0,0,0,0,0,0,0,0,0,0,0,0,0,0,0,0,0,0,0,0,0,0,0,0,0,0,0,0,0,0,0,0,0,0,0,0,0,0,0,1,1,0,0,0,0,0,0,1,1,0,0,0,0,0,0,0,0,0,0,0,0,0,0,0,0,0,0,0
337,2025-11-08 19:54:42.870,96,1,0,0,0,0,0,0,0,0,0,0,0,0,0,0,0,0,0,0,0,1,0,0,0,0,0,0,0,1,0,0,0,0,0,0,0,0,0,0,0,0,0,0,0,0,0,0,0,0,0,0,0,0,0,0,0,0,0,0,0,0,0,0,0,0,0,0,0,0,1,1,0,0,0,0,0,0,1,1,0,0,0,0,0,0,0,0,0,0,0,0,0,0,0,0,0,0,0
338,2025-11-08 19:54:42.881,96,1,0,0,0,0,0,0,0,0,0,0,0,0,0,0,0,0,0,0,0,1,0,0,0,0,0,0,0,0,0,0,0,0,0,0,0,0,0,0,0,0,0,0,0,0,0,0,0,0,0,0,0,0,0,0,0,0,0,0,0,0,0,0,0,0,0,0,0,0,1,1,0,0,0,0,0,0,1,1,0,0,0,0,0,0,0,0,0,0,0,0,0,0,0,0,0,0,0
339,2025-11-08 19:54:42.892,96,1,0,0,0,0,0,0,0,0,0,0,0,0,0,0,0,0,0,0,0,1,0,0,0,0,0,0,0,0,0,0,0,0,0,0,0,0,0,0,0,0,0,0,0,0,0,0,0,0,0,0,0,0,0,0,0,0,0,0,0,0,0,0,0,0,0,0,0,0,1,1,0,0,0,0,0,0,1,1,0,0,0,0,0,0,0,0,0,0,0,0,0,0,0,0,0,0,0
340,2025-11-08 19:54:42.903,96,1,0,0,0,0,0,0,0,0,0,0,0,0,0,0,0,0,0,0,0,1,0,0,0,0,0,0,0,0,0,0,0,0,0,0,0,0,0,0,0,0,0,0,0,0,0,0,0,0,0,0,0,0,0,0,0,0,0,0,0,0,0,0,0,0,0,0,0,0,1,1,0,0,0,0,0,0,1,1,0,0,0,0,0,0,0,0,0,0,0,0,0,0,0,0,0,0,0
